"CrashFactId","Name","MinorInjuries","ModerateInjuries","SevereInjuries","FatalInjuries","TcrNumber","CityDamageFlag","ShortFormFlag","Distance","CrashDateTime","PedestrianAction","RoadwaySurface","RoadwayCondition","Lighting","PrimaryCollisionFactor","TrafficControl","Weather","CollisionType","ProximityToIntersection","VehicleInvolvedWith","PedestrianDirectionFrom","PedestrianDirectionTo","DirectionFromIntersection","Comment","SpeedingFlag","HitAndRunFlag","IntersectionNumber","AStreetName","BStreetName","Latitude","Longitude"
"694071","CR-0000097931","0","0","0","0","23-109-0639","False","False","0.0","4/19/2023 5:18:00 PM","No Pedestrians Involved","Dry","No Unusual Conditions","Daylight","Violation Driver 1","No Controls Present/Factor","Clear","Sideswipe","Intersection","Parked Vehicle","Not Applicable","Not Applicable","At","","False","True","60356","FIRST ST","MARTHA ST","37.32270574","-121.8802893"
"715941","CR-0000101940","0","0","0","0","23-241-1047","False","False","0.0","8/29/2023 10:06:00 PM","No Pedestrians Involved","Dry","No Unusual Conditions","Dark - Street Light","Violation Driver 1","Controls Functioning","Clear","Sideswipe","Intersection","Other Vehicle","Not Applicable","Not Applicable","At","","False","True","87988","MARKET ST","SANTA CLARA ST","37.33546553","-121.8920544"
"712018","CR-0000101042","0","0","0","0","23-268-0005","False","False","98.0","9/25/2023 12:09:00 AM","No Pedestrians Involved","Dry","No Unusual Conditions","Dark - Street Light","Unknown","Controls Functioning","Clear","Sideswipe","Non-Related","Parked Vehicle","Not Applicable","Not Applicable","South Of","","False","True","87988","MARKET ST","SANTA CLARA ST","37.33546553","-121.8920544"
"699407","CR-0000100739","0","0","0","0","23-141-0831","False","False","105.0","5/21/2023 9:25:00 PM","No Pedestrians Involved","Dry","No Unusual Conditions","Dark - Street Light","Violation Driver 1","Controls Functioning","Clear","Rear End","Non-Related","Parked Vehicle","Not Applicable","Not Applicable","North Of","","False","True","87988","MARKET ST","SANTA CLARA ST","37.33546553","-121.8920544"
"712117","CR-0000100910","2","0","0","0","23-333-0885","False","False","0.0","11/29/2023 9:04:00 PM","No Pedestrians Involved","Dry","No Unusual Conditions","Dark - Street Light","Violation Driver 1","Controls Functioning","Cloudy","Broadside","Intersection","Other Vehicle","Not Applicable","Not Applicable","At","","False","True","60708","FIRST ST","VIRGINIA ST","37.32405739","-121.8815439"
"698899","CR-0000100198","1","0","0","0","23-314-0946","False","False","","11/10/2023 11:35:00 PM","No Pedestrians Involved","Dry","No Unusual Conditions","Dark - Street Light","Violation Driver 1","Controls Functioning","Clear","Head On","Related","Other Vehicle","Not Applicable","Not Applicable","Unknown","","False","True","132440","LUCRETIA AV","WINIFRED DR","37.31903541","-121.8464438"
"694114","CR-0000098029","1","0","0","0","23-106-0736","False","False","24.0","4/16/2023 9:02:00 PM","No Pedestrians Involved","Dry","No Unusual Conditions","Dark - Street Light","Violation Driver 1","Controls Functioning","Clear","Rear End","Related","Other Vehicle","Not Applicable","Not Applicable","South Of","","True","True","2573","ALAMEDA","NEWHALL ST","37.34346951","-121.9285908"
"699447","CR-0000100806","0","0","0","0","23-198-0575","True","False","90.0","7/17/2023 3:45:00 PM","No Pedestrians Involved","Dry","No Unusual Conditions","Daylight","Violation Driver 1","Controls Functioning","Clear","Hit Object","Non-Related","Fixed Object","Not Applicable","Not Applicable","South Of","LIGHT POLE","False","True","93202","MOORPARK AV","WINCHESTER BL","37.31608842","-121.9501178"
"711821","CR-0000101020","0","0","0","0","23-257-0898","False","False","42.0","9/14/2023 8:56:00 PM","No Pedestrians Involved","Dry","No Unusual Conditions","Dark - Street Light","Violation Driver 1","Controls Functioning","Clear","Rear End","Related","Other Vehicle","Not Applicable","Not Applicable","North Of","","True","True","93202","MOORPARK AV","WINCHESTER BL","37.31608842","-121.9501178"
"699059","CR-0000100365","1","0","0","0","23-340-0126","False","False","0.0","12/6/2023 5:19:00 AM","No Pedestrians Involved","Dry","No Unusual Conditions","Dark - Street Light","Violation Driver 1","Controls Functioning","Clear","Broadside","Intersection","Other Vehicle","Not Applicable","Not Applicable","At","","False","True","93202","MOORPARK AV","WINCHESTER BL","37.31608842","-121.9501178"
"699388","CR-0000100716","0","0","0","0","23-190-0441","False","False","529.0","7/9/2023 2:32:00 PM","No Pedestrians Involved","Dry","No Unusual Conditions","Daylight","Violation Driver 1","Controls Functioning","Clear","Broadside","Non-Related","Other Vehicle","Not Applicable","Not Applicable","East Of","","False","True","92377","MONROE ST","STEVENS CREEK BL","37.32335832","-121.9433289"
"699400","CR-0000100730","0","0","0","0","23-190-0468","False","False","454.0","7/9/2023 3:21:00 PM","No Pedestrians Involved","Dry","No Unusual Conditions","Daylight","Violation Driver 1","No Controls Present/Factor","Clear","Rear End","Non-Related","Other Vehicle","Not Applicable","Not Applicable","East Of","","True","True","92377","MONROE ST","STEVENS CREEK BL","37.32335832","-121.9433289"
"699449","CR-0000100803","0","0","0","0","23-197-0759","False","False","45.0","7/16/2023 7:25:00 PM","No Pedestrians Involved","Dry","No Unusual Conditions","Daylight","Violation Driver 1","Controls Functioning","Clear","Rear End","Related","Other Vehicle","Not Applicable","Not Applicable","East Of","","True","True","52304","DOYLE RD","LAWRENCE EX","37.30569425","-121.9961836"
"694686","CR-0000098720","0","0","0","0","23-232-0276","True","False","0.0","8/20/2023 6:12:00 AM","No Pedestrians Involved","Dry","No Unusual Conditions","Dusk - Dawn","Violation Driver 1","Controls Functioning","Clear","Hit Object","Intersection","Fixed Object","Not Applicable","Not Applicable","At","Guard Rail","True","True","52304","DOYLE RD","LAWRENCE EX","37.30569425","-121.9961836"
"696570","CR-0000099769","1","0","0","0","23-259-0978","False","False","0.0","9/16/2023 11:35:00 PM","No Pedestrians Involved","Dry","No Unusual Conditions","Dark - Street Light","Violation Driver 1","Controls Functioning","Clear","Broadside","Intersection","Other Vehicle","Not Applicable","Not Applicable","At","","False","True","77307","JOSEFA ST","SAN CARLOS ST","37.32576133","-121.8985"
"696541","CR-0000099728","1","0","0","0","23-343-0619","False","False","30.0","12/9/2023 5:20:00 PM","No Pedestrians Involved","Dry","No Unusual Conditions","Dark - Street Light","Violation Driver 1","Controls Functioning","Clear","Sideswipe","Related","Other Vehicle","Not Applicable","Not Applicable","East Of","","False","True","4542","ALMADEN BL/NOTRE DAME AV","SANTA CLARA ST","37.33423954","-121.8946343"
"694505","CR-0000098499","0","1","0","0","23-175-0575","False","False","20.0","6/25/2023 1:18:00 AM","Crossing In Crosswalk - At Intersection","Dry","No Unusual Conditions","Daylight","Violation Driver 1","Controls Functioning","Clear","Vehicle/Bike","Related","Bike","Not Applicable","Not Applicable","North Of","BIKE","False","True","4498","ALMADEN AV","WILLOW ST","37.31892515","-121.8822107"
"690715","CR-0000096852","0","0","0","0","23-027-0445","False","False","88.0","1/27/2023 1:34:00 PM","No Pedestrians Involved","Dry","No Unusual Conditions","Daylight","Violation Driver 1","Controls Functioning","Clear","Sideswipe","Non-Related","Other Vehicle","Not Applicable","Not Applicable","South Of","","False","True","4498","ALMADEN AV","WILLOW ST","37.31892515","-121.8822107"
"699431","CR-0000100776","0","0","0","0","23-198-0706","False","False","0.0","7/17/2023 6:19:00 PM","No Pedestrians Involved","Dry","No Unusual Conditions","Daylight","Violation Driver 1","Controls Functioning","Clear","Sideswipe","Intersection","Other Vehicle","Not Applicable","Not Applicable","At","","False","True","4498","ALMADEN AV","WILLOW ST","37.31892515","-121.8822107"
"696178","CR-0000099321","1","0","0","0","23-127-0783","False","False","0.0","5/7/2023 7:00:00 PM","No Pedestrians Involved","Dry","No Unusual Conditions","Dark - Street Light","Violation Driver 1","No Controls Present/Factor","Clear","Vehicle/Bike","Intersection","Bike","Not Applicable","Not Applicable","At","BIKE","False","True","4498","ALMADEN AV","WILLOW ST","37.31892515","-121.8822107"
"712220","CR-0000101663","0","0","0","0","23-254-0263","False","False","0.0","9/11/2023 9:14:00 AM","No Pedestrians Involved","Dry","No Unusual Conditions","Daylight","Violation Driver 1","Controls Functioning","Clear","Broadside","Intersection","Other Vehicle","Not Applicable","Not Applicable","At","","False","True","67792","GOODYEAR ST","PLUM ST","37.31802647","-121.880577"
"696137","CR-0000099279","0","0","0","0","23-242-1043","False","False","35.0","8/30/2023 10:56:00 PM","No Pedestrians Involved","Dry","No Unusual Conditions","Dark - Street Light","Violation Driver 1","Controls Functioning","Clear","Broadside","Related","Other Vehicle","Not Applicable","Not Applicable","East Of","","False","True","87999","MARKET ST","ST JAMES ST","37.33840063","-121.8942427"
"699136","CR-0000100452","0","0","0","0","23-163-0683","True","False","0.0","6/12/2023 4:00:00 PM","No Pedestrians Involved","Dry","No Unusual Conditions","Daylight","Violation Driver 1","Controls Functioning","Clear","Hit Object","Intersection","Other Object","Not Applicable","Not Applicable","At","SINGAL POLE","False","True","86833","MADELINE DR","WHITE RD","37.3700358","-121.8316406"
"698904","CR-0000100204","1","0","0","0","23-315-0722","False","False","57.0","11/11/2023 8:15:00 PM","Crossing - Not In Crosswalk","Dry","No Unusual Conditions","Dark - Street Light","Violation Driver 1","No Controls Present/Factor","Clear","Vehicle/Pedestrian","Non-Related","Pedestrian","North","South","East Of","PED","False","True","96623","NOTTINGHAM PL","WILLIAMS RD","37.30832738","-121.9687732"
"694093","CR-0000097890","0","0","0","0","23-116-0217","False","False","300.0","4/26/2023 9:24:00 AM","No Pedestrians Involved","Dry","No Unusual Conditions","Daylight","Violation Driver 1","No Controls Present/Factor","Clear","Rear End","Non-Related","Other Vehicle","Not Applicable","Not Applicable","North Of","","False","True","97470","OLIN ST","WINCHESTER BL","37.32050864","-121.9501548"
"699466","CR-0000100771","0","0","0","0","23-191-0642","True","False","53.0","7/10/2023 3:40:00 PM","No Pedestrians Involved","Dry","No Unusual Conditions","Daylight","Violation Driver 1","Controls Functioning","Clear","Hit Object","Non-Related","Fixed Object","Not Applicable","Not Applicable","North Of","SIGN","True","True","92399","MONROE ST","TISCH WY","37.31757597","-121.9433113"
"698629","CR-0000099853","0","0","0","0","23-146-0456","False","False","49.0","5/26/2023 1:50:00 PM","No Pedestrians Involved","Dry","No Unusual Conditions","Daylight","Violation Driver 1","No Controls Present/Factor","Clear","Sideswipe","Related","Other Vehicle","Not Applicable","Not Applicable","East Of","","True","True","7677","ANNONA AV","WAVERLY AV","37.32922048","-121.8239902"
"699096","CR-0000100413","0","0","0","0","23-156-0054","False","False","","6/6/2023 1:16:00 AM","No Pedestrians Involved","Unknown","Unknown","Unknown","Unknown","Unknown","Unknown","Sideswipe","Related","Parked Vehicle","Not Applicable","Not Applicable","Unknown","","False","True","97833","ORLANDO DR","PALMIRA WY","37.32563194","-121.8278954"
"698874","CR-0000100159","0","1","0","0","23-160-0731","False","False","90.0","6/9/2023 7:41:00 PM","No Pedestrians Involved","Dry","No Unusual Conditions","Daylight","Violation Driver 1","No Controls Present/Factor","Clear","Head On","Non-Related","Other Vehicle","Not Applicable","Not Applicable","South Of","","True","True","74800","HURAN DR","WAVERLY AV","37.32712864","-121.8270759"
"694668","CR-0000098701","1","0","0","0","23-224-0772","False","False","120.0","8/12/2023 8:24:00 PM","No Pedestrians Involved","Dry","No Unusual Conditions","Dark - Street Light","Violation Driver 1","No Controls Present/Factor","Clear","Sideswipe","Non-Related","Other Vehicle","Not Applicable","Not Applicable","North Of","","True","True","74800","HURAN DR","WAVERLY AV","37.32712864","-121.8270759"
"698909","CR-0000100209","0","0","1","0","23-325-0596","False","False","25.0","11/21/2023 3:35:00 PM","No Pedestrians Involved","Dry","No Unusual Conditions","Daylight","Violation Driver 1","Controls Functioning","Clear","Vehicle/Bike","Related","Bike","Not Applicable","Not Applicable","West Of","BIKE","False","True","20415","BLOSSOM HILL RD","SANCHEZ DR","37.2505828","-121.8713866"
"696306","CR-0000099462","1","0","0","0","23-287-0533","False","False","","10/14/2023 2:50:00 PM","No Pedestrians Involved","Dry","No Unusual Conditions","Daylight","Violation Driver 1","No Controls Present/Factor","Clear","Rear End","Related","Other Vehicle","Not Applicable","Not Applicable","North Of","","True","True","97844","ORLANDO DR","WAVERLY AV","37.32619757","-121.8284533"
"715884","CR-0000101898","0","0","0","0","23-320-0858","True","False","49.0","11/16/2023 9:57:00 PM","No Pedestrians Involved","Wet","No Unusual Conditions","Dark - Street Light","Violation Driver 1","No Controls Present/Factor","Rain","Hit Object","Related","Fixed Object","Not Applicable","Not Applicable","West Of","NO PARKING SIGN","False","True","33626","CARNELIAN DR","MCLAUGHLIN AV","37.32891415","-121.8499274"
"712038","CR-0000101072","0","0","0","0","23-297-0484","False","False","0.0","10/24/2023 1:55:00 PM","No Pedestrians Involved","Dry","No Unusual Conditions","Daylight","Violation Driver 1","No Controls Present/Factor","Clear","Broadside","Intersection","Parked Vehicle","Not Applicable","Not Applicable","At","","True","True","113740","WILLOWMONT AV","ZISCH DR","37.26922099","-121.8889883"
"699030","CR-0000100336","1","0","0","0","23-302-0434","False","False","195.0","10/29/2023 10:50:00 AM","No Pedestrians Involved","Dry","No Unusual Conditions","Daylight","Violation Driver 1","Controls Functioning","Clear","Rear End","Non-Related","Other Vehicle","Not Applicable","Not Applicable","East Of","","True","True","53602","EASTRIDGE WY","TULLY RD","37.32761519","-121.8181404"
"712063","CR-0000100995","0","0","0","0","23-264-0111","False","False","108.0","9/21/2023 6:00:00 AM","No Pedestrians Involved","Dry","No Unusual Conditions","Dark - Street Light","Violation Driver 1","Controls Functioning","Clear","Sideswipe","Non-Related","Parked Vehicle","Not Applicable","Not Applicable","South Of","","False","True","57111","ENESCO AV","OPHELIA AV","37.31782415","-121.8179736"
"699042","CR-0000100348","1","0","0","0","23-189-0009","False","False","0.0","7/8/2023 12:05:00 AM","No Pedestrians Involved","Dry","No Unusual Conditions","Dark - Street Light","Violation Driver 1","No Controls Present/Factor","Clear","Broadside","Intersection","Other Vehicle","Not Applicable","Not Applicable","At","","False","True","82147","LATIMER AV","SARATOGA AV","37.29865743","-121.9840704"
"695793","CR-0000098858","1","0","0","0","23-266-0873","False","False","","9/23/2023 10:44:00 PM","No Pedestrians Involved","Dry","No Unusual Conditions","Dark - Street Light","Violation Driver 1","Controls Functioning","Clear","Rear End","Related","Other Vehicle","Not Applicable","Not Applicable","East Of","","True","True","76053","JACKSON AV","MCKEE RD","37.36525882","-121.85012"
"715934","CR-0000101761","0","0","0","0","23-230-0214","False","False","268.0","8/15/2023 8:32:00 AM","No Pedestrians Involved","Dry","No Unusual Conditions","Daylight","Violation Driver 1","Controls Functioning","Clear","Sideswipe","Non-Related","Parked Vehicle","Not Applicable","Not Applicable","North Of","","True","True","55241","EL MONTE WY","MCGINNESS AV","37.34391259","-121.81708"
"695814","CR-0000098879","1","0","0","0","23-257-0082","False","False","0.0","9/14/2023 2:45:00 AM","No Pedestrians Involved","Dry","No Unusual Conditions","Dark - Street Light","Violation Driver 1","No Controls Present/Factor","Clear","Vehicle/Bike","Intersection","Bike","Not Applicable","Not Applicable","At","","False","True","20569","BLOSSOM HILL RD","WINFIELD BL","37.25040965","-121.8665501"
"698725","CR-0000099974","0","0","0","2","23-297-0817","False","False","0.0","10/24/2023 8:42:00 PM","No Pedestrians Involved","Dry","No Unusual Conditions","Dark - Street Light","Unknown","Controls Functioning","Clear","Other","Intersection","Other Vehicle","Not Applicable","Not Applicable","At","","False","True","20569","BLOSSOM HILL RD","WINFIELD BL","37.25040965","-121.8665501"
"694679","CR-0000098713","1","0","0","0","23-243-0092","False","False","117.0","8/31/2023 3:03:00 AM","No Pedestrians Involved","Dry","No Unusual Conditions","Dark - Street Light","Violation Driver 1","Controls Functioning","Clear","Head On","Non-Related","Other Vehicle","Not Applicable","Not Applicable","South Of","","False","True","137510","ALMADEN FRONTAGE RD","IRONWOOD DR","37.28888382","-121.881093"
"691016","CR-0000097188","0","0","0","0","23-034-0513","False","False","182.0","2/3/2023 2:50:00 PM","No Pedestrians Involved","Wet","No Unusual Conditions","Daylight","Violation Driver 1","No Controls Present/Factor","Rain","Sideswipe","Non-Related","Parked Vehicle","Not Applicable","Not Applicable","South Of","","True","True","144108","ALTAMARA AV","VIA BORGHESE","37.31521757","-121.7732313"
"692392","CR-0000097675","0","0","0","0","23-082-0324","False","False","48.0","3/23/2023 11:00:00 AM","No Pedestrians Involved","Dry","No Unusual Conditions","Daylight","Unknown","No Controls Present/Factor","Clear","Sideswipe","Related","Parked Vehicle","Not Applicable","Not Applicable","West Of","","False","True","83951","LINCOLN AV","NEVADA AV","37.30161772","-121.8950341"
"694285","CR-0000098127","0","1","0","0","23-127-0998","False","False","16.0","5/7/2023 11:29:00 PM","No Pedestrians Involved","Dry","Unknown","Dark - Street Light","Violation Driver 1","Controls Functioning","Clear","Vehicle/Bike","Related","Bike","Not Applicable","Not Applicable","South Of","BIKE","True","True","13287","BARLOW AV","LEEWARD DR","37.34465826","-121.826755"
"690806","CR-0000096945","0","0","0","0","23-010-1053","False","False","142.0","1/10/2023 10:32:00 PM","No Pedestrians Involved","Wet","No Unusual Conditions","Dark - Street Light","Violation Driver 1","No Controls Present/Factor","Clear","Broadside","Non-Related","Other Vehicle","Not Applicable","Not Applicable","South Of","","True","True","63172","FOXDALE DR","LEEWARD DR","37.34383475","-121.8250822"
"696560","CR-0000099757","0","0","0","1","23-188-0487","False","False","250.0","7/7/2023 2:26:00 PM","Crossing - Not In Crosswalk","Dry","No Unusual Conditions","Daylight","Violation Driver 1","Controls Functioning","Clear","Vehicle/Pedestrian","Non-Related","Pedestrian","West","East","South Of","PED","False","True","26861","BUCKNER DR","WHITE RD","37.35857591","-121.8213407"
"690553","CR-0000096675","0","0","0","0","23-002-0371","False","False","0.0","1/2/2023 12:20:00 PM","No Pedestrians Involved","Dry","No Unusual Conditions","Daylight","Violation Driver 1","Controls Functioning","Cloudy","Rear End","Intersection","Other Vehicle","Not Applicable","Not Applicable","At","","True","True","32735","CAPITOL AV","WILBUR AV","37.35795267","-121.8319245"
"696144","CR-0000099286","0","0","0","0","23-239-0185","False","False","288.0","8/27/2023 3:14:00 AM","No Pedestrians Involved","Dry","No Unusual Conditions","Dark - No Street Light","Unknown","Controls Functioning","Clear","Sideswipe","Non-Related","Parked Vehicle","Not Applicable","Not Applicable","East Of","","False","True","32735","CAPITOL AV","WILBUR AV","37.35795267","-121.8319245"
"711840","CR-0000101324","0","0","0","0","23-344-0552","False","False","41.0","12/8/2023 10:30:00 PM","No Pedestrians Involved","Dry","No Unusual Conditions","Dark - Street Light","Violation Driver 1","No Controls Present/Factor","Clear","Other","Related","Parked Vehicle","Not Applicable","Not Applicable","Unknown","","False","True","79848","KINGMAN AV","MENKER AV","37.31335371","-121.9214388"
"696507","CR-0000099694","0","0","0","0","23-204-0549","False","False","121.0","7/23/2023 2:37:00 PM","No Pedestrians Involved","Dry","No Unusual Conditions","Daylight","Violation Driver 1","No Controls Present/Factor","Clear","Broadside","Non-Related","Other Vehicle","Not Applicable","Not Applicable","North Of","","False","True","121813","N. ALMADEN BL","PLEASANT ST","37.33529483","-121.8965375"
"690552","CR-0000096674","1","0","0","0","23-004-0698","False","False","0.0","1/4/2023 6:54:00 PM","No Pedestrians Involved","Wet","No Unusual Conditions","Dark - Street Light","Violation Driver 1","Controls Functioning","Rain","Broadside","Intersection","Other Vehicle","Not Applicable","Not Applicable","At","","False","True","77660","GUADALUPE FR","JULIAN ST/ST JAMES ST","37.33728149","-121.8968856"
"698698","CR-0000099947","0","1","0","0","23-326-0519","False","False","0.0","11/22/2023 2:06:00 PM","No Pedestrians Involved","Dry","No Unusual Conditions","Daylight","Violation Driver 1","Controls Functioning","Clear","Vehicle/Bike","Intersection","Bike","Not Applicable","Not Applicable","At","BIKE","False","True","10559","AUZERAIS AV","LINCOLN AV","37.32101837","-121.9084996"
"715897","CR-0000101938","0","0","0","0","23-239-0364","False","False","205.0","8/27/2023 11:05:00 AM","No Pedestrians Involved","Dry","No Unusual Conditions","Daylight","Violation Driver 1","No Controls Present/Factor","Clear","Broadside","Non-Related","Other Vehicle","Not Applicable","Not Applicable","East Of","","False","True","10559","AUZERAIS AV","LINCOLN AV","37.32101837","-121.9084996"
"691156","CR-0000097357","0","0","0","0","23-044-0924","False","False","30.0","2/13/2023 11:40:00 AM","No Pedestrians Involved","Dry","No Unusual Conditions","Dark - Street Light","Violation Driver 1","No Controls Present/Factor","Clear","Hit Object","Related","Fixed Object","Not Applicable","Not Applicable","East Of","Curb, fence","True","True","107887","SCOTTSDALE DR","STURLA DR","37.32155745","-121.8043672"
"690634","CR-0000096756","0","0","0","0","23-022-0480","False","False","0.0","1/22/2023 2:57:00 PM","No Pedestrians Involved","Dry","No Unusual Conditions","Daylight","Violation Driver 1","No Controls Present/Factor","Clear","Broadside","Intersection","Other Vehicle","Not Applicable","Not Applicable","At","","False","True","46826","CUNNINGHAM AV","TAMPA WY","37.32776015","-121.8324466"
"694224","CR-0000098100","1","0","0","0","23-112-0929","False","False","556.0","4/22/2023 11:35:00 PM","No Pedestrians Involved","Dry","No Unusual Conditions","Dark - No Street Light","Violation Driver 1","No Controls Present/Factor","Clear","Head On","Non-Related","Other Vehicle","Not Applicable","Not Applicable","North Of","","True","True","46826","CUNNINGHAM AV","TAMPA WY","37.32776015","-121.8324466"
"699131","CR-0000100447","0","0","0","0","23-172-0378","False","False","475.0","6/23/2023 11:24:00 AM","No Pedestrians Involved","Dry","No Unusual Conditions","Daylight","Violation Driver 1","No Controls Present/Factor","Clear","Rear End","Non-Related","Parked Vehicle","Not Applicable","Not Applicable","North Of","","False","True","70971","HAVANA DR","TERILYN AV","37.32824882","-121.8388024"
"712244","CR-0000101690","0","0","0","0","23-335-0180","False","False","103.0","12/1/2023 12:06:00 AM","No Pedestrians Involved","Dry","No Unusual Conditions","Dark - Street Light","Unknown","No Controls Present/Factor","Clear","Head On","Non-Related","Parked Vehicle","Not Applicable","Not Applicable","West Of","","False","True","56616","EMILIE DR","WILBUR AV","37.35900519","-121.8297014"
"698628","CR-0000099852","0","0","0","0","23-146-0454","True","False","0.0","5/26/2023 1:50:00 PM","No Pedestrians Involved","Dry","No Unusual Conditions","Daylight","Violation Driver 1","No Controls Present/Factor","Clear","Hit Object","Intersection","Fixed Object","Not Applicable","Not Applicable","At","Signage","True","True","143927","LAYTON WY","WESTBORO DR","37.35749722","-121.8287321"
"696556","CR-0000099753","0","1","0","0","23-340-0903","False","False","18.0","12/6/2023 10:35:00 PM","No Pedestrians Involved","Wet","No Unusual Conditions","Dark - Street Light","Violation Driver 1","Controls Functioning","Rain","Vehicle/Bike","Related","Bike","Not Applicable","Not Applicable","West Of","BIKE","False","True","60587","FIRST ST","SAN SALVADOR ST","37.33002344","-121.885984"
"696428","CR-0000099605","0","0","1","0","23-279-0960","False","False","135.0","10/6/2023 10:26:00 PM","No Pedestrians Involved","Dry","No Unusual Conditions","Dark - Street Light","Violation Driver 1","No Controls Present/Factor","Clear","Vehicle/Bike","Non-Related","Bike","Not Applicable","Not Applicable","East Of","BIKE","False","True","106842","SAN SALVADOR ST","THIRD ST","37.3310179","-121.8838815"
"698898","CR-0000100197","0","1","0","0","23-314-0770","False","False","116.0","11/10/2023 7:45:00 PM","No Pedestrians Involved","Dry","No Unusual Conditions","Dark - Street Light","Unknown","No Controls Present/Factor","Clear","Vehicle/Bike","Non-Related","Bike","Not Applicable","Not Applicable","East Of","BIKE","True","True","106842","SAN SALVADOR ST","THIRD ST","37.3310179","-121.8838815"
"711586","CR-0000101343","0","0","0","0","23-273-0581","False","False","51.0","9/30/2023 5:28:00 PM","No Pedestrians Involved","Dry","No Unusual Conditions","Daylight","Violation Driver 1","No Controls Present/Factor","Cloudy","Sideswipe","Non-Related","Other Vehicle","Not Applicable","Not Applicable","West Of","","False","True","12308","BALBACH ST","MARKET ST","37.32893678","-121.8860496"
"715872","CR-0000101931","0","0","0","0","23-239-0553","False","False","51.0","8/26/2023 3:32:00 PM","No Pedestrians Involved","Dry","No Unusual Conditions","Daylight","Unknown","No Controls Present/Factor","Clear","Broadside","Non-Related","Parked Vehicle","Not Applicable","Not Applicable","South Of","","False","True","41777","COLLEGE DR","FRUITDALE AV","37.31070169","-121.9194218"
"716007","CR-0000101774","0","0","0","0","23-223-9710","False","False","0.0","8/8/2023 12:00:00 AM","No Pedestrians Involved","Dry","No Unusual Conditions","Dark - Street Light","Violation Driver 1","No Controls Present/Factor","Clear","Sideswipe","Intersection","Parked Vehicle","Not Applicable","Not Applicable","At","","False","True","14310","BASSETT ST","TERRAINE ST","37.34001438","-121.897958"
"711649","CR-0000101280","0","0","0","0","23-223-9720","False","True","0.0","8/8/2023 12:00:00 AM","No Pedestrians Involved","Dry","No Unusual Conditions","Dark - Street Light","Unknown","No Controls Present/Factor","Clear","Sideswipe","Intersection","Parked Vehicle","Not Applicable","Not Applicable","East Of","","False","True","14310","BASSETT ST","TERRAINE ST","37.34001438","-121.897958"
"699383","CR-0000100710","0","0","0","0","23-188-0782","False","False","228.0","7/7/2023 7:36:00 PM","No Pedestrians Involved","Dry","No Unusual Conditions","Daylight","Violation Driver 1","No Controls Present/Factor","Clear","Rear End","Non-Related","Other Vehicle","Not Applicable","Not Applicable","North Of","","False","True","49180","DE ROSE WY","LEIGH AV","37.30385017","-121.9225267"
"698742","CR-0000099994","0","1","0","0","23-273-0071","False","False","195.0","9/30/2023 1:34:00 AM","No Pedestrians Involved","Wet","No Unusual Conditions","Dark - Street Light","Violation Driver 1","No Controls Present/Factor","Rain","Rear End","Non-Related","Other Vehicle","Not Applicable","Not Applicable","North Of","","False","True","17346","BERONA WY","VISTAGLEN DR","37.33936073","-121.8238998"
"712051","CR-0000101555","0","0","0","0","23-355-0947","False","False","51.0","12/21/2023 9:30:00 PM","No Pedestrians Involved","Dry","Unknown","Dark - Street Light","Unknown","No Controls Present/Factor","Clear","Broadside","Non-Related","Parked Vehicle","Not Applicable","Not Applicable","West Of","","False","True","84699","LOCUST ST","WILLOW ST","37.31783367","-121.8840972"
"698707","CR-0000099956","1","0","0","0","23-147-0088","True","False","38.0","5/27/2023 1:25:00 AM","No Pedestrians Involved","Dry","No Unusual Conditions","Dark - Street Light Not Functioning","Violation Driver 1","Unknown","Clear","Hit Object","Related","Fixed Object","Not Applicable","Not Applicable","West Of","2 traffic poles","False","True","110307","ST JAMES ST","TERRAINE ST","37.33750923","-121.8961105"