"CrashFactId","Name","MinorInjuries","ModerateInjuries","SevereInjuries","FatalInjuries","TcrNumber","CityDamageFlag","ShortFormFlag","Distance","CrashDateTime","PedestrianAction","RoadwaySurface","RoadwayCondition","Lighting","PrimaryCollisionFactor","TrafficControl","Weather","CollisionType","ProximityToIntersection","VehicleInvolvedWith","PedestrianDirectionFrom","PedestrianDirectionTo","DirectionFromIntersection","Comment","SpeedingFlag","HitAndRunFlag","IntersectionNumber","AStreetName","BStreetName","Latitude","Longitude"
"711908","CR-0000101354","0","0","0","0","23-250-0063","False","False","0.0","9/7/2023 1:41:00 AM","No Pedestrians Involved","Dry","No Unusual Conditions","Dark - Street Light","Violation Driver 1","Controls Functioning","Clear","Hit Object","Intersection","Fixed Object","Not Applicable","Not Applicable","At","Center Divider","False","True","110307","ST JAMES ST","TERRAINE ST","37.33750923","-121.8961105"
"716000","CR-0000101731","0","0","0","0","23-223-9714","False","True","0.0","8/10/2023 4:00:00 PM","No Pedestrians Involved","Dry","No Unusual Conditions","Daylight","Violation Driver 1","Controls Functioning","Clear","Rear End","Intersection","Other Vehicle","Not Applicable","Not Applicable","North Of","","False","True","19909","BLOSSOM HILL RD","CAMDEN AV","37.2363626","-121.9035229"
"695824","CR-0000098889","0","0","0","0","23-094-0392","False","False","51.0","4/3/2023 11:30:00 PM","No Pedestrians Involved","Dry","No Unusual Conditions","Dark - Street Light","Violation Driver 1","No Controls Present/Factor","Clear","Sideswipe","Non-Related","Parked Vehicle","Not Applicable","Not Applicable","South Of","","True","True","63470","FOXWORTHY AV","ROSS AV","37.26731422","-121.9192858"
"699099","CR-0000100416","0","0","0","0","23-155-0852","False","False","100.0","6/4/2023 9:45:00 PM","No Pedestrians Involved","Dry","No Unusual Conditions","Dark - Street Light","Violation Driver 1","No Controls Present/Factor","Clear","Rear End","Non-Related","Parked Vehicle","Not Applicable","Not Applicable","West Of","","True","True","69860","HAMILTON PL","LEIGH AV","37.29759604","-121.9226885"
"696134","CR-0000099276","0","0","0","0","23-239-0050","False","False","135.0","8/27/2023 12:52:00 AM","No Pedestrians Involved","Dry","No Unusual Conditions","Dark - Street Light","Violation Driver 1","No Controls Present/Factor","Clear","Head On","Non-Related","Other Vehicle","Not Applicable","Not Applicable","West Of","","False","True","106787","SAN SALVADOR ST","SECOND ST","37.33051989","-121.8849343"
"690692","CR-0000096827","0","0","0","0","23-008-0281","False","False","33.0","1/8/2023 10:42:00 AM","No Pedestrians Involved","Unknown","No Unusual Conditions","Daylight","Violation Driver 1","Controls Functioning","Cloudy","Rear End","Related","Parked Vehicle","Not Applicable","Not Applicable","East Of","","True","True","67814","GOODYEAR ST","VINE ST","37.31696715","-121.8821753"
"698792","CR-0000100072","0","1","0","0","23-351-0578","False","False","0.0","12/17/2023 4:43:00 PM","No Pedestrians Involved","Wet","No Unusual Conditions","Daylight","Violation Driver 1","Controls Functioning","Cloudy","Broadside","Intersection","Motorcycle","Not Applicable","Not Applicable","At","","False","True","67814","GOODYEAR ST","VINE ST","37.31696715","-121.8821753"
"711609","CR-0000101515","0","0","0","0","23-135-4009","False","True","","5/14/2023 8:40:00 PM","No Pedestrians Involved","Unknown","Unknown","Unknown","Unknown","Unknown","Unknown","Sideswipe","Non-Related","Parked Vehicle","Not Applicable","Not Applicable","North Of","","False","True","78209","KAMMERER AV","MCCREERY AV","37.34898046","-121.8469437"
"699115","CR-0000100431","0","0","0","0","23-147-0325","False","False","94.0","5/27/2023 7:00:00 AM","No Pedestrians Involved","Dry","Unknown","Daylight","Violation Driver 1","No Controls Present/Factor","Clear","Hit Object","Non-Related","Fixed Object","Not Applicable","Not Applicable","West Of","FENCE","True","True","24507","BRENFORD DR","WENLOCK DR","37.34680294","-121.8270195"
"699028","CR-0000100334","1","0","0","0","23-304-0268","False","False","0.0","10/31/2023 8:40:00 AM","Crossing - Not In Crosswalk","Dry","No Unusual Conditions","Daylight","Violation Driver 1","No Controls Present/Factor","Unknown","Vehicle/Pedestrian","Intersection","Pedestrian","West","East","At","PED","False","True","7369","ANGIE AV","JACKSON AV","37.34766683","-121.8332852"
"691289","CR-0000097534","0","0","0","0","23-036-0385","False","False","177.0","2/3/2023 6:30:00 AM","No Pedestrians Involved","Dry","No Unusual Conditions","Daylight","Violation Driver 1","No Controls Present/Factor","Fog","Sideswipe","Non-Related","Parked Vehicle","Not Applicable","Not Applicable","North Of","","False","True","64240","GALAHAD AV","LILLIPUT LN","37.351914","-121.831363"
"690813","CR-0000096952","0","0","0","0","23-004-0024","False","False","77.0","1/4/2023 12:00:00 AM","No Pedestrians Involved","Wet","No Unusual Conditions","Dark - Street Light","Violation Driver 1","No Controls Present/Factor","Rain","Rear End","Non-Related","Parked Vehicle","Not Applicable","Not Applicable","East Of","","False","True","39478","CINDERELLA LN","STEITZ CT","37.34666781","-121.8378442"
"690727","CR-0000096864","0","1","0","0","23-059-0079","False","False","0.0","2/28/2023 3:29:00 AM","No Pedestrians Involved","Wet","No Unusual Conditions","Dark - Street Light","Violation Driver 1","No Controls Present/Factor","Rain","Broadside","Intersection","Parked Vehicle","Not Applicable","Not Applicable","At","","True","True","35716","CEDRO ST","SENTER RD","37.28972745","-121.8295424"
"711871","CR-0000101006","0","0","0","0","23-272-0968","False","False","0.0","9/29/2023 10:12:00 PM","No Pedestrians Involved","Dry","No Unusual Conditions","Dark - No Street Light","Violation Driver 1","No Controls Present/Factor","Clear","Sideswipe","Intersection","Parked Vehicle","Not Applicable","Not Applicable","At","","False","True","60884","FLANIGAN DR","FONTAINE RD","37.31561618","-121.8280733"
"692418","CR-0000097701","0","0","0","0","23-081-0739","False","False","51.0","3/22/2023 7:56:00 PM","No Pedestrians Involved","Dry","No Unusual Conditions","Dark - Street Light","Violation Driver 1","No Controls Present/Factor","Clear","Sideswipe","Non-Related","Other Vehicle","Not Applicable","Not Applicable","Unknown","","False","True","40446","CLIFFWOOD DR","EVERGLADE AV","37.33797879","-121.8377552"
"694118","CR-0000098152","1","0","0","0","23-126-1145","False","False","","5/6/2023 11:30:00 PM","Crossing - Not In Crosswalk","Dry","Unknown","Dark - Street Light","Violation Driver 1","Controls Functioning","Clear","Vehicle/Pedestrian","Related","Pedestrian","Unknown","Unknown","North Of","PED","True","True","57860","EVERGLADE AV","KING RD","37.33669208","-121.8399902"
"694151","CR-0000097908","1","0","0","0","23-114-0169","False","False","0.0","4/24/2023 7:57:00 AM","Crossing In Crosswalk - At Intersection","Dry","No Unusual Conditions","Daylight","Violation Driver 1","No Controls Present/Factor","Clear","Vehicle/Pedestrian","Intersection","Pedestrian","North","South","At","","True","True","57870","EVERGLADE AV","ORLANDO DR","37.33709786","-121.8391612"
"690825","CR-0000096964","0","0","0","0","23-028-0584","False","False","49.0","1/28/2023 4:52:00 PM","No Pedestrians Involved","Dry","No Unusual Conditions","Daylight","Violation Driver 1","No Controls Present/Factor","Clear","Head On","Related","Parked Vehicle","Not Applicable","Not Applicable","West Of","","True","True","35177","CATHAY DR","EVERGLADE AV","37.33958112","-121.8347374"
"696553","CR-0000099750","1","0","0","0","23-347-0997","False","False","","12/13/2023 10:50:00 PM","No Pedestrians Involved","Dry","No Unusual Conditions","Dark - Street Light","Violation Driver 1","No Controls Present/Factor","Clear","Vehicle/Bike","Related","Scooter Motorized","Not Applicable","Not Applicable","East Of","M.SCOOTER","False","True","35243","CATHAY DR","SULLIVAN AV","37.33849374","-121.8336804"
"690767","CR-0000096905","0","1","0","0","23-020-0427","False","False","0.0","1/20/2023 1:06:00 PM","Crossing In Crosswalk - At Intersection","Dry","No Unusual Conditions","Daylight","Violation Driver 1","No Controls Present/Factor","Clear","Vehicle/Pedestrian","Intersection","Scooter Non-Motorized","South","North","At","PED (scooter)","False","True","63414","FOXWORTHY AV","NEW JERSEY AV","37.2673037","-121.9253994"
"690852","CR-0000096993","0","0","0","0","23-020-0050","False","False","51.0","1/20/2023 1:30:00 AM","No Pedestrians Involved","Dry","Unknown","Dark - Street Light","Violation Driver 1","No Controls Present/Factor","Clear","Rear End","Non-Related","Parked Vehicle","Not Applicable","Not Applicable","East Of","","True","True","106171","SAN CARLOS ST","TWELFTH ST","37.33694556","-121.8755154"
"695950","CR-0000099083","0","0","0","0","23-221-0908","False","False","58.0","8/9/2023 10:50:00 PM","No Pedestrians Involved","Dry","No Unusual Conditions","Dark - Street Light","Violation Driver 1","No Controls Present/Factor","Clear","Sideswipe","Non-Related","Parked Vehicle","Not Applicable","Not Applicable","West Of","","False","True","94214","MT MCKINLEY DR","MT WHITNEY DR","37.35073995","-121.807924"
"696211","CR-0000099355","1","0","0","0","23-101-0875","False","False","24.0","4/11/2023 9:50:00 PM","No Pedestrians Involved","Dry","No Unusual Conditions","Dark - Street Light","Violation Driver 1","Controls Functioning","Clear","Rear End","Related","Other Vehicle","Not Applicable","Not Applicable","West Of","","True","True","82961","LEIGH AV/SHASTA AV","SAN CARLOS ST","37.32342761","-121.9238054"
"696504","CR-0000099691","1","0","0","0","23-334-0678","False","False","40.0","11/30/2023 5:24:00 PM","No Pedestrians Involved","Dry","No Unusual Conditions","Dark - Street Light","Violation Driver 1","Controls Functioning","Clear","Rear End","Related","Other Vehicle","Not Applicable","Not Applicable","East Of","","True","True","102640","RACE ST","SAN CARLOS ST","37.3235005","-121.9114077"
"699154","CR-0000100472","0","0","0","0","23-155-0917","False","False","51.0","6/4/2023 10:41:00 PM","No Pedestrians Involved","Dry","No Unusual Conditions","Dark - Street Light","Violation Driver 1","No Controls Present/Factor","Clear","Head On","Non-Related","Parked Vehicle","Not Applicable","Not Applicable","South Of","","True","True","120768","FARGATE CI","VALLEY CREST DR","37.37440206","-121.8808798"
"690546","CR-0000096667","0","0","0","0","23-006-0748","False","False","0.0","1/6/2023 6:43:00 PM","No Pedestrians Involved","Dry","No Unusual Conditions","Dark - Street Light","Violation Driver 1","Controls Functioning","Clear","Broadside","Intersection","Other Vehicle","Not Applicable","Not Applicable","At","","True","True","90727","MERIDIAN AV","SAN CARLOS ST","37.32348887","-121.9137468"
"696152","CR-0000099294","0","0","0","0","23-098-1216","False","False","73.0","4/8/2023 7:15:00 AM","No Pedestrians Involved","Dry","No Unusual Conditions","Daylight","Violation Driver 1","Controls Functioning","Clear","Rear End","Non-Related","Other Vehicle","Not Applicable","Not Applicable","East Of","","True","True","98218","PAGE ST","SAN CARLOS ST","37.32347885","-121.9154956"
"711839","CR-0000100848","0","0","0","0","23-183-9706","False","True","51.0","7/2/2023 8:00:00 AM","No Pedestrians Involved","Dry","No Unusual Conditions","Daylight","Unknown","No Controls Present/Factor","Clear","Sideswipe","Non-Related","Parked Vehicle","Not Applicable","Not Applicable","South Of","","False","True","98218","PAGE ST","SAN CARLOS ST","37.32347885","-121.9154956"
"699043","CR-0000100349","1","1","0","0","23-185-0892","False","False","","7/4/2023 9:53:00 PM","No Pedestrians Involved","Dry","No Unusual Conditions","Dark - Street Light","Violation Driver 1","Unknown","Clear","Sideswipe","Related","Other Vehicle","Not Applicable","Not Applicable","West Of","","False","True","88912","MAYELLEN AV","SAN CARLOS ST","37.32344457","-121.9205209"
"690652","CR-0000096774","0","0","0","0","23-031-0744","False","False","75.0","1/31/2023 5:54:00 PM","No Pedestrians Involved","Dry","No Unusual Conditions","Dark - Street Light","Violation Driver 1","Unknown","Clear","Sideswipe","Non-Related","Other Vehicle","Not Applicable","Not Applicable","West Of","","True","True","26916","BUENA VISTA AV","SAN CARLOS ST","37.32345338","-121.9189756"
"699187","CR-0000100507","0","0","0","0","23-181-0415","False","False","425.0","6/30/2023 1:45:00 PM","No Pedestrians Involved","Dry","No Unusual Conditions","Daylight","Unknown","No Controls Present/Factor","Clear","Broadside","Non-Related","Other Vehicle","Not Applicable","Not Applicable","East Of","","False","True","47321","CURTNER AV","GENERAL ELECTRIC DW","37.30153937","-121.8642648"
"696014","CR-0000099149","0","0","0","0","23-199-0756","False","False","51.0","7/18/2023 6:40:00 PM","No Pedestrians Involved","Dry","No Unusual Conditions","Daylight","Violation Driver 1","No Controls Present/Factor","Clear","Sideswipe","Non-Related","Other Vehicle","Not Applicable","Not Applicable","Unknown","","False","True","60235","FIRST ST","HEDDING ST","37.35336943","-121.903458"
"694281","CR-0000098006","0","0","1","0","23-100-0943","False","False","84.0","4/10/2023 8:09:00 PM","No Pedestrians Involved","Dry","No Unusual Conditions","Dark - Street Light","Violation Driver 1","No Controls Present/Factor","Clear","Vehicle/Bike","Non-Related","Bike","Not Applicable","Not Applicable","South Of","BIKE","False","True","60411","FIRST ST","NIMITZ FR","37.35946332","-121.907921"
"690832","CR-0000096971","0","0","0","0","23-008-0825","False","False","0.0","1/8/2023 11:45:00 PM","No Pedestrians Involved","Wet","No Unusual Conditions","Dark - Street Light","Violation Driver 1","Controls Functioning","Rain","Broadside","Intersection","Train","Not Applicable","Not Applicable","At","VTA","False","True","60202","FIRST ST","GISH RD","37.36173667","-121.9096372"
"698913","CR-0000100215","0","1","0","0","23-268-0217","False","False","0.0","9/25/2023 8:52:00 AM","Crossing In Crosswalk - At Intersection","Dry","No Unusual Conditions","Daylight","Violation Driver 1","Controls Functioning","Clear","Vehicle/Pedestrian","Intersection","Pedestrian","North","South","At","PED","False","True","66153","GISH RD","KEONCREST AV","37.36134155","-121.9104631"
"712243","CR-0000101689","0","0","0","0","23-330-0838","False","False","159.0","11/26/2023 10:40:00 PM","No Pedestrians Involved","Dry","No Unusual Conditions","Dark - Street Light","Unknown","No Controls Present/Factor","Clear","Rear End","Non-Related","Parked Vehicle","Not Applicable","Not Applicable","West Of","","False","True","101420","PLEASANT ST","ST JOHN ST","37.33534433","-121.8978178"
"696569","CR-0000099768","0","1","0","0","23-261-0767","False","False","0.0","9/18/2023 6:20:00 PM","No Pedestrians Involved","Dry","No Unusual Conditions","Daylight","Violation Driver 1","No Controls Present/Factor","Clear","Vehicle/Bike","Intersection","Bike","Not Applicable","Not Applicable","At","M.SCOOTER","False","True","73644","HOMEWOOD DR","REDWOOD AV","37.32944567","-121.9464292"
"690928","CR-0000097093","0","0","0","0","23-041-0634","False","False","32.0","2/10/2023 4:13:00 PM","No Pedestrians Involved","Dry","No Unusual Conditions","Daylight","Violation Driver 1","Controls Functioning","Clear","Hit Object","Related","Fixed Object","Not Applicable","Not Applicable","South Of","HYDRANT","False","True","71510","HEDDING ST","REDWOOD AV","37.33024136","-121.9468743"
"716004","CR-0000101874","0","0","0","0","23-317-9707","False","True","51.0","11/12/2023 4:30:00 PM","No Pedestrians Involved","Dry","No Unusual Conditions","Daylight","Unknown","Unknown","Clear","Sideswipe","Non-Related","Other Vehicle","Not Applicable","Not Applicable","West Of","","False","True","116643","COUNTRY LN","SARATOGA FRONTAGE RD","37.2973667","-121.9858215"
"691097","CR-0000097270","0","0","0","0","23-048-0914","False","False","0.0","2/17/2023 9:50:00 PM","No Pedestrians Involved","Dry","No Unusual Conditions","Dark - Street Light","Unknown","Controls Functioning","Clear","Sideswipe","Intersection","Other Vehicle","Not Applicable","Not Applicable","At","","False","True","106897","SAN TOMAS EX","WILLIAMS RD","37.3087455","-121.9636246"
"691335","CR-0000097582","1","0","1","0","23-072-0737","False","False","150.0","3/13/2023 5:01:00 PM","No Pedestrians Involved","Dry","No Unusual Conditions","Daylight","Violation Driver 1","No Controls Present/Factor","Clear","Head On","Non-Related","Other Vehicle","Not Applicable","Not Applicable","West Of","","True","True","22901","BOYNTON AV","WILLIAMS RD","37.30856945","-121.9659385"
"696437","CR-0000099614","0","0","0","0","23-109-0206","True","False","0.0","4/19/2023 8:50:00 AM","No Pedestrians Involved","Dry","No Unusual Conditions","Daylight","Violation Driver 1","Controls Functioning","Clear","Hit Object","Intersection","Other Vehicle","Not Applicable","Not Applicable","At","TRAFFIC SIGNAL POLE","False","True","98614","PARK AV","SUNOL ST","37.32622227","-121.9062047"
"690906","CR-0000097069","0","0","0","0","23-055-0602","False","False","0.0","2/24/2023 4:50:00 PM","No Pedestrians Involved","Dry","No Unusual Conditions","Daylight","Violation Driver 1","No Controls Present/Factor","Clear","Sideswipe","Intersection","Other Vehicle","Not Applicable","Not Applicable","At","","False","True","59905","FIFTH ST","SANTA CLARA ST","37.3381833","-121.8863234"
"699119","CR-0000100435","0","0","0","0","23-156-0001","False","False","0.0","6/5/2023 12:02:00 AM","No Pedestrians Involved","Dry","No Unusual Conditions","Dark - Street Light","Violation Driver 1","No Controls Present/Factor","Clear","Broadside","Intersection","Other Vehicle","Not Applicable","Not Applicable","At","","False","True","59938","FIFTH ST","ST JOHN ST","37.33967153","-121.8874352"
"712201","CR-0000101633","0","0","0","0","23-290-0954","False","False","0.0","10/17/2023 10:38:00 PM","No Pedestrians Involved","Unknown","No Unusual Conditions","Dark - No Street Light","Violation Driver 1","Controls Functioning","Clear","Sideswipe","Intersection","Other Vehicle","Not Applicable","Not Applicable","At","","False","True","2683","ALAMEDA","STOCKTON AV/WHITE ST","37.33185832","-121.9038123"
"711621","CR-0000101069","0","0","0","0","23-293-0557","False","False","51.0","10/20/2023 7:49:00 AM","No Pedestrians Involved","Dry","No Unusual Conditions","Daylight","Violation Driver 1","Unknown","Clear","Broadside","Non-Related","Parked Vehicle","Not Applicable","Not Applicable","South Of","","False","True","2408","ALAMEDA","BUSH ST","37.33181787","-121.9047284"
"691120","CR-0000097316","0","0","0","0","23-035-0700","False","False","0.0","2/4/2023 9:25:00 PM","No Pedestrians Involved","Wet","No Unusual Conditions","Dark - Street Light","Violation Driver 1","Controls Functioning","Rain","Rear End","Intersection","Parked Vehicle","Not Applicable","Not Applicable","At","","False","True","62985","FOURTH ST","SAN FERNANDO ST","37.33583168","-121.8860285"
"711805","CR-0000101398","0","0","0","0","23-322-0128","False","False","168.0","11/18/2023 2:35:00 AM","No Pedestrians Involved","Wet","No Unusual Conditions","Dark - Street Light","Unknown","Controls Functioning","Cloudy","Sideswipe","Non-Related","Parked Vehicle","Not Applicable","Not Applicable","South Of","","False","True","107161","ALUM ROCK AV","THIRTY THIRD ST","37.35113575","-121.8590404"
"699111","CR-0000100427","0","0","0","0","23-171-0835","False","False","0.0","6/20/2023 6:43:00 PM","No Pedestrians Involved","Dry","No Unusual Conditions","Daylight","Violation Driver 1","Controls Functioning","Clear","Broadside","Intersection","Other Vehicle","Not Applicable","Not Applicable","At","","False","True","107161","ALUM ROCK AV","THIRTY THIRD ST","37.35113575","-121.8590404"
"690740","CR-0000096877","0","0","0","0","23-001-0234","False","False","0.0","1/1/2023 4:09:00 AM","No Pedestrians Involved","Wet","No Unusual Conditions","Dark - Street Light","Violation Driver 1","No Controls Present/Factor","Unknown","Rear End","Intersection","Parked Vehicle","Not Applicable","Not Applicable","At","","False","True","123056","FALLS CREEK CT","FALLS CREEK DR","37.30549824","-121.7595028"
"692375","CR-0000097657","0","0","0","0","23-066-0882","False","False","0.0","3/7/2023 9:51:00 PM","No Pedestrians Involved","Dry","No Unusual Conditions","Dark - Street Light","Violation Driver 1","No Controls Present/Factor","Clear","Hit Object","Intersection","Fixed Object","Not Applicable","Not Applicable","At","","True","True","28148","CAHILL ST","SANTA CLARA ST","37.33193944","-121.9021806"
"694261","CR-0000098085","0","0","0","0","23-066-0901","False","False","0.0","3/7/2023 10:20:00 PM","No Pedestrians Involved","Dry","No Unusual Conditions","Dusk - Dawn","Violation Driver 1","Controls Functioning","Clear","Head On","Intersection","Other Vehicle","Not Applicable","Not Applicable","At","","False","True","28148","CAHILL ST","SANTA CLARA ST","37.33193944","-121.9021806"
"712060","CR-0000100852","0","0","0","0","23-182-1068","False","False","0.0","7/1/2023 11:30:00 PM","No Pedestrians Involved","Dry","No Unusual Conditions","Dark - Street Light","Violation Driver 1","Controls Functioning","Clear","Hit Object","Intersection","Fixed Object","Not Applicable","Not Applicable","At","","True","True","28148","CAHILL ST","SANTA CLARA ST","37.33193944","-121.9021806"
"712082","CR-0000101066","0","0","0","0","23-304-0234","False","False","305.0","10/29/2023 11:33:00 AM","No Pedestrians Involved","Dry","No Unusual Conditions","Daylight","Violation Driver 1","Controls Functioning","Clear","Other","Non-Related","Parked Vehicle","Not Applicable","Not Applicable","North Of","","False","True","2496","ALAMEDA","KEEBLE ST","37.33158485","-121.9098896"
"699127","CR-0000100443","0","0","0","0","23-177-0204","False","False","136.0","6/26/2023 6:30:00 AM","No Pedestrians Involved","Dry","No Unusual Conditions","Dark - Street Light","Violation Driver 1","No Controls Present/Factor","Clear","Hit Object","Non-Related","Other Object","Not Applicable","Not Applicable","North Of","","False","True","10317","AUTUMN ST/BARACK OBAMA BL","ST JOHN ST","37.33410149","-121.90043"
"711763","CR-0000101428","0","0","0","0","23-363-0617","False","False","64.0","12/29/2023 6:00:00 PM","No Pedestrians Involved","Wet","No Unusual Conditions","Dark - Street Light","Violation Driver 1","No Controls Present/Factor","Rain","Rear End","Non-Related","Parked Vehicle","Not Applicable","Not Applicable","East Of","","True","True","56605","EMERSON CT","NAGLEE AV","37.33575531","-121.9217083"
"716011","CR-0000101901","0","0","0","0","23-316-0501","False","False","297.0","11/12/2023 11:24:00 AM","No Pedestrians Involved","Dry","No Unusual Conditions","Daylight","Violation Driver 1","No Controls Present/Factor","Clear","Sideswipe","Non-Related","Parked Vehicle","Not Applicable","Not Applicable","South Of","","False","True","133264","CARLS CT","HAYES AV","37.25643565","-121.8092778"
"696273","CR-0000099420","0","0","0","0","23-115-0038","False","False","28.0","4/25/2023 1:53:00 AM","No Pedestrians Involved","Dry","No Unusual Conditions","Dark - Street Light","Violation Driver 1","Controls Functioning","Clear","Rear End","Related","Parked Vehicle","Not Applicable","Not Applicable","East Of","","True","True","18666","BIRD AV","MALONE RD","37.29711025","-121.8817022"
"711905","CR-0000101403","0","0","0","0","23-319-0793","False","False","42.0","11/15/2023 8:25:00 PM","No Pedestrians Involved","Wet","No Unusual Conditions","Dark - Street Light","Violation Driver 1","Controls Functioning","Cloudy","Sideswipe","Related","Other Vehicle","Not Applicable","Not Applicable","West Of","","True","True","18666","BIRD AV","MALONE RD","37.29711025","-121.8817022"
"698908","CR-0000100208","1","0","0","0","23-317-0872","False","False","0.0","11/13/2023 9:13:00 PM","No Pedestrians Involved","Dry","No Unusual Conditions","Dark - Street Light","Violation Driver 1","Controls Functioning","Clear","Broadside","Intersection","Motorcycle","Not Applicable","Not Applicable","At","","False","True","83874","LINCOLN AV","LONUS ST","37.31487586","-121.9059646"
"689908","CR-0000095936","0","0","0","1","23-081-0681","False","False","0.0","3/22/2023 6:27:00 PM","Crossing In Crosswalk - At Intersection","Dry","No Unusual Conditions","Daylight","Violation Driver 1","Controls Functioning","Cloudy","Vehicle/Pedestrian","Intersection","Pedestrian","South","North","At","PEDESTRIAN (DELAYED FATAL)","False","True","107106","SANTA CLARA ST","TENTH ST","37.34069264","-121.8810382"
"696153","CR-0000099295","0","0","0","0","23-098-0274","False","False","0.0","4/8/2023 9:01:00 AM","No Pedestrians Involved","Dry","No Unusual Conditions","Daylight","Violation Driver 1","Controls Functioning","Clear","Rear End","Intersection","Other Vehicle","Not Applicable","Not Applicable","At","","True","True","107095","SANTA CLARA ST","SIXTH ST","37.3386961","-121.8852476"
"696197","CR-0000099341","0","0","0","0","23-119-0389","False","False","51.0","4/29/2023 12:30:00 PM","No Pedestrians Involved","Dry","No Unusual Conditions","Daylight","Violation Driver 1","No Controls Present/Factor","Clear","Other","Non-Related","Parked Vehicle","Not Applicable","Not Applicable","North Of","","False","True","121230","LITTLE ORCHARD ST","STAUFFER BL","37.30485625","-121.8713388"
"723624","CR-0000104016","0","0","0","0","23-133-0183","True","False","237.0","4/23/2023 5:51:00 AM","No Pedestrians Involved","Dry","No Unusual Conditions","Dark - Street Light","Violation Driver 1","No Controls Present/Factor","Clear","Hit Object","Non-Related","Fixed Object","Not Applicable","Not Applicable","West Of","LIGHTPOLE","True","True","94379","MT PLEASANT RD","WEST VIEW DR","37.34701486","-121.7892848"
"699408","CR-0000100741","0","0","0","0","23-141-4006","False","True","51.0","5/21/2023 1:45:00 PM","No Pedestrians Involved","Unknown","Unknown","Unknown","Unknown","Unknown","Unknown","Broadside","Non-Related","Other Vehicle","Not Applicable","Not Applicable","North Of","","False","True","80409","KNIGHTSHAVEN WY","THORNHAVEN WY","37.27108648","-121.8185514"
"699205","CR-0000100526","0","0","0","0","23-152-0486","False","False","270.0","6/1/2023 1:29:00 PM","No Pedestrians Involved","Dry","No Unusual Conditions","Daylight","Violation Driver 1","No Controls Present/Factor","Clear","Hit Object","Non-Related","Fixed Object","Not Applicable","Not Applicable","South Of","","False","True","102948","RANCHO DR","SEVEN TREES BL","37.28393417","-121.8358701"
"696026","CR-0000099161","0","0","0","0","23-203-0717","False","False","57.0","7/22/2023 7:44:00 PM","No Pedestrians Involved","Dry","No Unusual Conditions","Daylight","Violation Driver 1","No Controls Present/Factor","Clear","Rear End","Non-Related","Parked Vehicle","Not Applicable","Not Applicable","South Of","","True","True","37542","CHERRY AV","CHERRYVIEW LN/GEOMAX CT","37.25834266","-121.8789815"
"696223","CR-0000099368","0","0","0","0","23-113-0271","False","False","583.0","4/23/2023 4:00:00 AM","No Pedestrians Involved","Dry","No Unusual Conditions","Dusk - Dawn","Violation Driver 1","No Controls Present/Factor","Clear","Rear End","Non-Related","Other Vehicle","Not Applicable","Not Applicable","South Of","","True","True","37542","CHERRY AV","CHERRYVIEW LN/GEOMAX CT","37.25834266","-121.8789815"
"698699","CR-0000099948","0","1","0","0","23-317-0062","False","False","0.0","11/13/2023 1:48:00 AM","No Pedestrians Involved","Dry","No Unusual Conditions","Dark - Street Light","Violation Driver 1","Controls Functioning","Clear","Vehicle/Bike","Intersection","Scooter Motorized","Not Applicable","Not Applicable","At","E.SCOOTER","True","True","82906","LEIGH AV","PARKMOOR AV","37.31728322","-121.9237933"
"712234","CR-0000101678","0","0","0","0","23-133-0803","False","False","639.0","5/13/2023 8:18:00 PM","No Pedestrians Involved","Dry","No Unusual Conditions","Dusk - Dawn","Violation Driver 1","No Controls Present/Factor","Clear","Head On","Non-Related","Parked Vehicle","Not Applicable","Not Applicable","West Of","","False","True","11615","AYRSHIRE DR","DENTWOOD DR","37.25119728","-121.8830999"
"698720","CR-0000099969","0","0","0","0","23-148-0708","False","False","0.0","5/28/2023 7:20:00 PM","No Pedestrians Involved","Dry","No Unusual Conditions","Daylight","Violation Driver 1","Controls Functioning","Clear","Rear End","Intersection","Other Vehicle","Not Applicable","Not Applicable","At","","True","True","20350","BLOSSOM HILL RD","PLAZA WY","37.25049406","-121.8777606"