"CrashFactId","Name","MinorInjuries","ModerateInjuries","SevereInjuries","FatalInjuries","TcrNumber","CityDamageFlag","ShortFormFlag","Distance","CrashDateTime","PedestrianAction","RoadwaySurface","RoadwayCondition","Lighting","PrimaryCollisionFactor","TrafficControl","Weather","CollisionType","ProximityToIntersection","VehicleInvolvedWith","PedestrianDirectionFrom","PedestrianDirectionTo","DirectionFromIntersection","Comment","SpeedingFlag","HitAndRunFlag","IntersectionNumber","AStreetName","BStreetName","Latitude","Longitude"
"712041","CR-0000100841","0","0","0","0","23-205-4005","False","True","0.0","7/24/2023 4:00:00 PM","No Pedestrians Involved","Unknown","Unknown","Unknown","Unknown","Unknown","Unknown","Other","Intersection","Other Vehicle","Not Applicable","Not Applicable","At","","False","True","20063","BLOSSOM HILL RD","GALLUP DR","37.25002955","-121.8790529"
"715852","CR-0000101746","0","0","0","0","23-240-0221","True","False","0.0","8/28/2023 2:00:00 AM","No Pedestrians Involved","Dry","No Unusual Conditions","Dark - Street Light","Violation Driver 1","No Controls Present/Factor","Clear","Hit Object","Intersection","Fixed Object","Not Applicable","Not Applicable","At","STREETSIGN","True","True","14410","BATON ROUGE DR","CEDARVILLE LN","37.3756241","-121.8509405"
"711941","CR-0000101385","0","0","0","0","23-315-0893","False","False","0.0","11/11/2023 11:35:00 PM","No Pedestrians Involved","Dry","Unknown","Dark - Street Light","Violation Driver 1","Controls Functioning","Clear","Hit Object","Intersection","Fixed Object","Not Applicable","Not Applicable","At","MEDIAN","False","True","63580","FRANCIS DR","MCKEE RD","37.37375738","-121.8375903"
"696561","CR-0000099758","0","0","1","0","23-254-0979","False","False","0.0","9/11/2023 9:51:00 PM","Crossing In Crosswalk - At Intersection","Dry","No Unusual Conditions","Dark - Street Light","Pedestrian At Fault","Controls Functioning","Clear","Vehicle/Pedestrian","Intersection","Pedestrian","West","East","At","PED","False","True","32350","CAPITOL AV","GILCHRIST DR","37.38172662","-121.8552202"
"696270","CR-0000099417","0","0","0","0","23-117-0852","True","False","0.0","4/27/2023 11:36:00 PM","No Pedestrians Involved","Dry","No Unusual Conditions","Dark - Street Light","Violation Driver 1","Controls Functioning","Clear","Head On","Intersection","Fixed Object","Not Applicable","Not Applicable","At","TRAFFIC SIGN AND POLE","False","True","83050","LELAND AV","MOORPARK AV","37.31636152","-121.9267566"
"694237","CR-0000098002","1","0","0","0","23-099-0607","False","False","0.0","4/9/2023 5:41:00 PM","No Pedestrians Involved","Dry","No Unusual Conditions","Daylight","Violation Driver 1","Controls Functioning","Clear","Sideswipe","Intersection","Motor Vehicle On Other Roadway","Not Applicable","Not Applicable","At","","False","True","107227","SANTA CLARA ST","TWENTY FOURTH ST","37.34699973","-121.8677382"
"711924","CR-0000101322","0","0","0","0","23-341-0703","False","False","51.0","12/7/2023 12:07:00 PM","No Pedestrians Involved","Unknown","Unknown","Daylight","Violation Driver 1","No Controls Present/Factor","Unknown","Sideswipe","Non-Related","Parked Vehicle","Not Applicable","Not Applicable","East Of","","False","True","107250","SANTA CLARA ST","TWENTY SIXTH ST","37.34788576","-121.8658815"
"699046","CR-0000100352","1","0","0","0","23-195-0845","False","False","528.0","7/14/2023 9:39:00 PM","No Pedestrians Involved","Dry","No Unusual Conditions","Dark - Street Light","Violation Driver 1","No Controls Present/Factor","Clear","Other","Non-Related","Parked Vehicle","Not Applicable","Not Applicable","East Of","","False","True","73600","HOME ST","SUNOL ST","37.31996861","-121.9057746"
"715988","CR-0000101927","0","0","0","0","23-222-0913","False","False","0.0","8/10/2023 7:30:00 PM","No Pedestrians Involved","Dry","No Unusual Conditions","Dark - Street Light","Violation Driver 1","No Controls Present/Factor","Clear","Rear End","Intersection","Parked Vehicle","Not Applicable","Not Applicable","At","","True","True","63293","FOXWORTHY AV","GRIZILO DR","37.26997774","-121.9085481"
"711865","CR-0000101074","0","0","0","0","23-297-0021","False","False","88.0","10/24/2023 1:37:00 AM","No Pedestrians Involved","Dry","No Unusual Conditions","Dark - No Street Light","Violation Driver 1","No Controls Present/Factor","Clear","Sideswipe","Non-Related","Parked Vehicle","Not Applicable","Not Applicable","North Of","","False","True","57232","ENSALMO AV","LAMA WY","37.26967531","-121.904394"
"699049","CR-0000100355","0","1","0","0","23-183-0047","False","False","0.0","7/2/2023 12:32:00 AM","No Pedestrians Involved","Dry","No Unusual Conditions","Dark - Street Light","Violation Driver 1","Controls Functioning","Clear","Broadside","Intersection","Parked Vehicle","Not Applicable","Not Applicable","At","","False","True","47420","CURTNER AV","LINCOLN AV","37.28984291","-121.8876904"
"694513","CR-0000098507","1","0","0","0","23-165-0651","False","False","","6/14/2023 5:00:00 PM","No Pedestrians Involved","Dry","No Unusual Conditions","Daylight","Violation Driver 1","Controls Functioning","Clear","Rear End","Related","Other Vehicle","Not Applicable","Not Applicable","North Of","","True","True","47420","CURTNER AV","LINCOLN AV","37.28984291","-121.8876904"
"711866","CR-0000101294","0","0","0","0","23-236-0241","False","False","80.0","8/24/2023 8:15:00 AM","No Pedestrians Involved","Dry","No Unusual Conditions","Daylight","Violation Driver 1","Controls Functioning","Clear","Rear End","Non-Related","Other Vehicle","Not Applicable","Not Applicable","West Of","","True","True","47420","CURTNER AV","LINCOLN AV","37.28984291","-121.8876904"
"698768","CR-0000100049","1","0","0","0","23-359-0373","False","False","30.0","12/25/2023 1:12:00 PM","No Pedestrians Involved","Dry","No Unusual Conditions","Daylight","Violation Driver 1","Controls Functioning","Clear","Sideswipe","Related","Other Vehicle","Not Applicable","Not Applicable","South Of","","False","True","54560","EDUCATIONAL PARK DR","RYEGATE CT","37.36317568","-121.8558802"
"695968","CR-0000099102","0","0","0","0","23-224-0944","True","False","548.0","8/13/2023 12:53:00 AM","No Pedestrians Involved","Dry","No Unusual Conditions","Dark - Street Light","Violation Driver 1","No Controls Present/Factor","Clear","Sideswipe","Non-Related","Parked Vehicle","Not Applicable","Not Applicable","South Of","TREE","False","True","65405","GENEVA ST","NEW JERSEY AV","37.26661003","-121.9253921"
"691296","CR-0000097541","1","0","0","0","23-060-0716","False","False","0.0","3/1/2023 6:25:00 PM","Crossing In Crosswalk - At Intersection","Dry","Unknown","Dusk - Dawn","Violation Driver 1","Controls Functioning","Clear","Vehicle/Pedestrian","Intersection","Pedestrian","East","West","At","","False","True","82972","LEIGH AV","SCOTT ST","37.31960788","-121.923812"
"711632","CR-0000101132","0","0","0","0","23-298-0581","False","False","95.0","10/25/2023 3:45:00 PM","No Pedestrians Involved","Dry","No Unusual Conditions","Daylight","Violation Driver 1","No Controls Present/Factor","Clear","Hit Object","Non-Related","Fixed Object","Not Applicable","Not Applicable","North Of","","True","True","53448","EARL AV","LINCOLN AV","37.3227344","-121.908618"
"711896","CR-0000100851","0","0","0","0","23-183-0283","True","False","22.0","7/2/2023 6:44:00 AM","No Pedestrians Involved","Dry","No Unusual Conditions","Dusk - Dawn","Violation Driver 1","Controls Functioning","Clear","Hit Object","Related","Fixed Object","Not Applicable","Not Applicable","South Of","LIGHT POLE","True","True","47497","CURTNER AV/TULLY RD","MONTEREY RD","37.30359396","-121.8611779"
"712227","CR-0000101670","0","0","0","0","23-325-0051","False","False","28.0","11/21/2023 1:30:00 AM","No Pedestrians Involved","Dry","No Unusual Conditions","Dark - Street Light","Violation Driver 1","Controls Functioning","Clear","Rear End","Related","Other Vehicle","Not Applicable","Not Applicable","North Of","","True","True","47497","CURTNER AV/TULLY RD","MONTEREY RD","37.30359396","-121.8611779"
"691357","CR-0000097606","0","0","1","0","23-085-0891","False","False","","3/26/2023 11:10:00 PM","No Pedestrians Involved","Dry","No Unusual Conditions","Dark - Street Light","Violation Driver 1","Controls Functioning","Clear","Rear End","Related","Motorcycle","Not Applicable","Not Applicable","North Of","","True","True","47497","CURTNER AV/TULLY RD","MONTEREY RD","37.30359396","-121.8611779"
"698799","CR-0000100080","1","1","0","0","23-351-0026","False","False","0.0","12/17/2023 12:23:00 AM","No Pedestrians Involved","Dry","No Unusual Conditions","Dark - Street Light","Violation Driver 1","Unknown","Clear","Broadside","Intersection","Other Vehicle","Not Applicable","Not Applicable","At","","True","True","47497","CURTNER AV/TULLY RD","MONTEREY RD","37.30359396","-121.8611779"
"711666","CR-0000100833","0","0","0","0","23-188-0453","False","False","42.0","7/7/2023 1:47:00 PM","No Pedestrians Involved","Dry","Obstruction On Roadway","Daylight","Violation Driver 1","Controls Functioning","Clear","Rear End","Related","Other Vehicle","Not Applicable","Not Applicable","West Of","","True","True","47497","CURTNER AV/TULLY RD","MONTEREY RD","37.30359396","-121.8611779"
"711817","CR-0000100834","0","0","0","0","23-183-0807","False","False","118.0","7/2/2023 8:08:00 PM","No Pedestrians Involved","Dry","No Unusual Conditions","Daylight","Violation Driver 1","Controls Functioning","Clear","Hit Object","Non-Related","Fixed Object","Not Applicable","Not Applicable","West Of","","True","True","47497","CURTNER AV/TULLY RD","MONTEREY RD","37.30359396","-121.8611779"
"695803","CR-0000098868","2","0","0","0","23-271-0792","False","False","462.0","9/28/2023 7:27:00 PM","No Pedestrians Involved","Dry","No Unusual Conditions","Dark - Street Light","Violation Driver 1","Controls Functioning","Clear","Rear End","Non-Related","Other Vehicle","Not Applicable","Not Applicable","West Of","","True","True","47497","CURTNER AV/TULLY RD","MONTEREY RD","37.30359396","-121.8611779"
"711667","CR-0000100846","0","0","0","0","23-182-0452","False","False","0.0","7/1/2023 12:31:00 PM","No Pedestrians Involved","Dry","No Unusual Conditions","Daylight","Unknown","No Controls Present/Factor","Clear","Rear End","Intersection","Other Vehicle","Not Applicable","Not Applicable","At","","False","True","123540","CURTNER AV","GUADALUPE FR/UNIFIED WY","37.29512049","-121.8724806"
"698881","CR-0000100177","1","0","0","0","23-308-0690","False","False","0.0","11/4/2023 7:21:00 PM","No Pedestrians Involved","Dry","No Unusual Conditions","Dark - Street Light","Violation Driver 1","Controls Functioning","Clear","Rear End","Intersection","Other Vehicle","Not Applicable","Not Applicable","At","","False","True","123540","CURTNER AV","GUADALUPE FR/UNIFIED WY","37.29512049","-121.8724806"
"715849","CR-0000101904","0","0","0","0","23-321-0807","False","False","0.0","11/17/2023 6:35:00 PM","No Pedestrians Involved","Wet","No Unusual Conditions","Dark - Street Light","Violation Driver 1","Controls Functioning","Rain","Sideswipe","Intersection","Other Vehicle","Not Applicable","Not Applicable","North Of","","True","True","18677","BIRD AV","MINNESOTA AV","37.30733597","-121.8912764"
"694578","CR-0000098602","1","0","0","0","23-183-0881","False","False","0.0","7/2/2023 9:34:00 PM","No Pedestrians Involved","Dry","No Unusual Conditions","Dark - Street Light","Violation Driver 1","Controls Functioning","Clear","Broadside","Intersection","Other Vehicle","Not Applicable","Not Applicable","At","","False","True","59080","FELIPE AV/VIA FERRARI","STORY RD","37.33419365","-121.8514613"
"695874","CR-0000098939","0","0","0","0","23-091-0268","False","False","0.0","4/1/2023 10:08:00 AM","No Pedestrians Involved","Dry","No Unusual Conditions","Daylight","Violation Driver 1","Controls Functioning","Clear","Broadside","Intersection","Other Vehicle","Not Applicable","Not Applicable","At","","False","True","59080","FELIPE AV/VIA FERRARI","STORY RD","37.33419365","-121.8514613"
"712135","CR-0000101538","0","0","0","0","23-342-0808","False","False","0.0","12/8/2023 7:52:00 PM","No Pedestrians Involved","Dry","No Unusual Conditions","Dark - Street Light","Violation Driver 1","No Controls Present/Factor","Clear","Rear End","Intersection","Other Vehicle","Not Applicable","Not Applicable","At","","True","True","59080","FELIPE AV/VIA FERRARI","STORY RD","37.33419365","-121.8514613"
"694046","CR-0000098012","1","0","0","0","23-100-0976","False","False","0.0","4/10/2023 8:51:00 PM","No Pedestrians Involved","Dry","No Unusual Conditions","Dark - Street Light","Violation Driver 1","Controls Functioning","Clear","Sideswipe","Intersection","Other Vehicle","Not Applicable","Not Applicable","At","","False","True","82994","LEIGH AV","SOUTHWEST EX","37.30668567","-121.9218358"
"712132","CR-0000101018","0","0","0","0","23-246-0673","False","False","281.0","9/3/2023 6:30:00 PM","No Pedestrians Involved","Dry","No Unusual Conditions","Daylight","Violation Driver 1","No Controls Present/Factor","Clear","Hit Object","Non-Related","Fixed Object","Not Applicable","Not Applicable","East Of","Building","False","True","49906","DELAND AV","NEVIN WY","37.31183683","-121.9175095"
"695956","CR-0000099089","0","0","0","0","23-218-0975","False","False","137.0","8/6/2023 10:46:00 PM","No Pedestrians Involved","Dry","No Unusual Conditions","Dark - Street Light","Violation Driver 1","Controls Functioning","Clear","Sideswipe","Non-Related","Parked Vehicle","Not Applicable","Not Applicable","North Of","","False","True","100539","PHELAN AV","SEVENTH ST","37.3137575","-121.8652461"
"712216","CR-0000101659","0","0","0","0","23-256-1024","True","False","122.0","9/13/2023 11:49:00 PM","No Pedestrians Involved","Dry","No Unusual Conditions","Dark - Street Light","Violation Driver 1","Controls Functioning","Clear","Hit Object","Non-Related","Fixed Object","Not Applicable","Not Applicable","North Of","LIGHT POLE","False","True","100539","PHELAN AV","SEVENTH ST","37.3137575","-121.8652461"
"715997","CR-0000101867","0","0","0","0","23-145-4001","False","True","51.0","5/23/2023 12:45:00 PM","No Pedestrians Involved","Unknown","Unknown","Unknown","Unknown","Unknown","Unknown","Sideswipe","Non-Related","Other Vehicle","Not Applicable","Not Applicable","West Of","","False","True","100539","PHELAN AV","SEVENTH ST","37.3137575","-121.8652461"
"699132","CR-0000100448","0","0","0","0","23-175-0042","False","False","264.0","6/24/2023 12:47:00 AM","No Pedestrians Involved","Dry","No Unusual Conditions","Dark - Street Light","Violation Driver 1","No Controls Present/Factor","Clear","Sideswipe","Non-Related","Parked Vehicle","Not Applicable","Not Applicable","North Of","","True","True","98119","PACHECO DR","WEBSTER DR","37.37194752","-121.8556924"
"694681","CR-0000098715","2","0","0","0","23-222-0450","True","False","0.0","8/10/2023 1:12:00 PM","No Pedestrians Involved","Dry","No Unusual Conditions","Daylight","Violation Driver 1","Controls Functioning","Clear","Broadside","Intersection","Other Vehicle","Not Applicable","Not Applicable","At","light pole","False","True","55747","ELEVENTH ST","KEYES ST","37.32474523","-121.8677353"
"698724","CR-0000099973","0","0","0","1","23-330-0039","False","False","","11/26/2023 12:35:00 AM","In Road - Includes Shoulder","Dry","No Unusual Conditions","Dark - Street Light","Violation Driver 1","Controls Functioning","Clear","Vehicle/Pedestrian","Related","Pedestrian","North","South","East Of","PED","False","True","20932","BLUEFIELD DR/COPPERFIELD DR","CAPITOL EX","37.27451913","-121.8546429"
"691017","CR-0000097189","0","0","0","0","23-051-0004","False","False","258.0","2/20/2023 12:04:00 AM","No Pedestrians Involved","Dry","No Unusual Conditions","Unknown","Violation Driver 1","No Controls Present/Factor","Clear","Head On","Non-Related","Parked Vehicle","Not Applicable","Not Applicable","West Of","","True","True","105940","SAN ANTONIO ST","THIRTY FOURTH ST","37.34879827","-121.8549221"
"699146","CR-0000100463","0","0","0","0","23-155-0026","False","False","128.0","6/4/2023 12:21:00 AM","No Pedestrians Involved","Dry","No Unusual Conditions","Dark - No Street Light","Violation Driver 1","No Controls Present/Factor","Clear","Sideswipe","Non-Related","Parked Vehicle","Not Applicable","Not Applicable","South Of","","True","True","106424","SAN FERNANDO ST","THIRTY THIRD ST","37.34952439","-121.8577941"
"696548","CR-0000099744","0","0","1","0","23-355-0098","False","False","","12/21/2023 4:31:00 AM","Crossing - Not In Crosswalk","Unknown","No Unusual Conditions","Dark - Street Light","Violation Driver 1","No Controls Present/Factor","Clear","Vehicle/Pedestrian","Related","Pedestrian","East","West","Unknown","PED","True","True","111858","THIRTY FIRST ST","WHITTON ST","37.34794198","-121.8589321"
"711634","CR-0000101317","0","0","0","0","23-336-0521","False","False","128.0","12/2/2023 2:46:00 AM","No Pedestrians Involved","Dry","No Unusual Conditions","Dark - Street Light","Violation Driver 1","No Controls Present/Factor","Clear","Sideswipe","Non-Related","Parked Vehicle","Not Applicable","Not Applicable","North Of","","False","True","111891","THIRTY THIRD ST","WHITTON ST","37.34875263","-121.8572176"
"699209","CR-0000100530","0","1","0","0","23-163-0945","False","False","243.0","6/12/2023 11:06:00 PM","No Pedestrians Involved","Dry","No Unusual Conditions","Dark - Street Light","Violation Driver 1","No Controls Present/Factor","Clear","Sideswipe","Non-Related","Parked Vehicle","Not Applicable","Not Applicable","East Of","","False","True","112573","TWENTY EIGHTH ST","WHITTON ST","37.34630949","-121.8623634"
"691341","CR-0000097588","0","0","1","0","23-077-0031","False","False","0.0","3/18/2023 1:00:00 AM","No Pedestrians Involved","Dry","No Unusual Conditions","Dark - Street Light","Bike At Fault","No Controls Present/Factor","Clear","Vehicle/Bike","Intersection","Bike","Not Applicable","Not Applicable","At","BIKE","False","True","137191","LAUREL GROVE LN","PARK AV","37.32617735","-121.9047957"
"690673","CR-0000096807","0","0","0","0","23-018-0460","False","False","0.0","1/18/2023 1:23:00 PM","No Pedestrians Involved","Dry","No Unusual Conditions","Daylight","Violation Driver 1","Controls Functioning","Clear","Rear End","Intersection","Parked Vehicle","Not Applicable","Not Applicable","At","","False","True","59861","FIFTH ST","REED ST","37.32910052","-121.8795645"
"711558","CR-0000101527","0","0","0","0","23-362-0207","False","False","50.0","12/28/2023 8:49:00 AM","No Pedestrians Involved","Dry","No Unusual Conditions","Daylight","Violation Driver 1","No Controls Present/Factor","Cloudy","Rear End","Related","Other Vehicle","Not Applicable","Not Applicable","East Of","","True","True","110351","ST JAMES ST","THIRTY THIRD ST","37.35445715","-121.8623015"
"696238","CR-0000099384","0","1","0","0","23-155-0700","False","False","90.0","6/4/2023 6:44:00 PM","No Pedestrians Involved","Dry","No Unusual Conditions","Daylight","Violation Driver 1","Controls Functioning","Clear","Rear End","Non-Related","Other Vehicle","Not Applicable","Not Applicable","West Of","","True","True","79441","KING RD","MABURY RD","37.3668084","-121.8693652"
"698884","CR-0000100180","1","0","0","0","23-305-0857","False","False","0.0","11/1/2023 7:36:00 PM","No Pedestrians Involved","Dry","No Unusual Conditions","Dark - Street Light","Violation Driver 1","Controls Functioning","Clear","Broadside","Intersection","Other Vehicle","Not Applicable","Not Applicable","At","","False","True","79441","KING RD","MABURY RD","37.3668084","-121.8693652"
"699246","CR-0000100568","0","0","0","0","23-168-0598","False","False","63.0","6/17/2023 5:46:00 PM","No Pedestrians Involved","Dry","No Unusual Conditions","Daylight","Violation Driver 1","No Controls Present/Factor","Clear","Rear End","Non-Related","Parked Vehicle","Not Applicable","Not Applicable","East Of","","True","True","84644","LOCHRIDGE DR","SCHULTE DR","37.36144868","-121.862171"
"692506","CR-0000097795","0","0","0","0","23-070-0394","False","False","72.0","3/11/2023 12:11:00 PM","No Pedestrians Involved","Dry","No Unusual Conditions","Daylight","Violation Driver 1","No Controls Present/Factor","Clear","Sideswipe","Non-Related","Parked Vehicle","Not Applicable","Not Applicable","South Of","","False","True","18105","BEVERLY BL","KING RD","37.35392656","-121.8567315"
"698717","CR-0000099966","0","0","0","0","23-148-0440","False","False","217.0","5/28/2023 12:50:00 PM","No Pedestrians Involved","Dry","No Unusual Conditions","Daylight","Violation Driver 1","No Controls Present/Factor","Clear","Sideswipe","Non-Related","Other Vehicle","Not Applicable","Not Applicable","North Of","","True","True","18105","BEVERLY BL","KING RD","37.35392656","-121.8567315"
"691006","CR-0000097177","0","0","0","0","23-057-0805","False","False","84.0","2/26/2023 7:15:00 PM","No Pedestrians Involved","Wet","No Unusual Conditions","Dark - Street Light","Violation Driver 1","No Controls Present/Factor","Cloudy","Sideswipe","Non-Related","Parked Vehicle","Not Applicable","Not Applicable","South Of","","False","True","6390","ALVIN AV","TIERRA BUENA DR","37.31511557","-121.8236569"
"698840","CR-0000100123","0","0","0","0","23-359-0018","False","False","0.0","12/25/2023 12:14:00 AM","No Pedestrians Involved","Dry","No Unusual Conditions","Dark - Street Light","Violation Driver 1","Controls Functioning","Clear","Rear End","Intersection","Other Vehicle","Not Applicable","Not Applicable","At","","False","True","123177","BAYSHORE FR/DOVE HILL RD","YERBA BUENA RD","37.29563659","-121.8085168"
"716039","CR-0000101873","0","0","0","0","23-312-9708","False","True","0.0","11/7/2023 9:45:00 AM","No Pedestrians Involved","Dry","No Unusual Conditions","Daylight","Unknown","Unknown","Clear","Sideswipe","Intersection","Parked Vehicle","Not Applicable","Not Applicable","At","","False","True","6380","ALVIN AV","SARALYNN DR","37.31400338","-121.8225876"
"695954","CR-0000099087","0","0","0","0","23-224-0028","False","False","144.0","8/12/2023 12:23:00 AM","No Pedestrians Involved","Dry","No Unusual Conditions","Dark - Street Light","Violation Driver 1","No Controls Present/Factor","Clear","Rear End","Non-Related","Parked Vehicle","Not Applicable","Not Applicable","West Of","","False","True","62908","FOURTH ST","JULIAN ST","37.34204723","-121.8906698"
"690640","CR-0000096762","0","0","0","0","23-031-0742","False","False","75.0","1/31/2023 5:49:00 PM","No Pedestrians Involved","Dry","No Unusual Conditions","Daylight","Violation Driver 1","Unknown","Clear","Rear End","Non-Related","Parked Vehicle","Not Applicable","Not Applicable","East Of","","False","True","20514","BLOSSOM HILL RD","VASSAR DR","37.24066922","-121.8925435"
"715993","CR-0000101882","0","0","0","0","23-322-0303","False","False","100.0","11/18/2023 9:18:00 AM","No Pedestrians Involved","Dry","No Unusual Conditions","Daylight","Violation Driver 1","No Controls Present/Factor","Clear","Head On","Non-Related","Parked Vehicle","Not Applicable","Not Applicable","South Of","","True","True","14475","BATON ROUGE DR","ROUGH AND READY RD","37.37859187","-121.8464899"
"694360","CR-0000098304","1","0","0","0","23-170-0603","False","False","51.0","6/19/2023 3:50:00 PM","No Pedestrians Involved","Dry","No Unusual Conditions","Daylight","Violation Driver 1","No Controls Present/Factor","Clear","Vehicle/Bike","Non-Related","Bike","Not Applicable","Not Applicable","West Of","BIKE","False","True","105566","RYLAND ST","SAN PEDRO ST","37.34184097","-121.8980282"
"692385","CR-0000097668","0","0","0","0","23-076-0690","False","False","40.0","3/17/2023 2:15:00 PM","No Pedestrians Involved","Dry","No Unusual Conditions","Daylight","Violation Driver 1","No Controls Present/Factor","Clear","Sideswipe","Related","Parked Vehicle","Not Applicable","Not Applicable","East Of","","False","True","105577","RYLAND AV","SANTA TERESA ST","37.34092807","-121.9006837"
"698686","CR-0000099934","1","0","0","0","23-217-0180","False","False","0.0","8/5/2023 6:10:00 AM","No Pedestrians Involved","Dry","No Unusual Conditions","Daylight","Violation Driver 1","No Controls Present/Factor","Clear","Sideswipe","Intersection","Other Vehicle","Not Applicable","Not Applicable","At","","False","True","117963","MCLAUGHLIN AV","SINCLAIR FR","37.33696094","-121.857845"
"696125","CR-0000099267","0","0","0","0","23-236-0910","False","False","300.0","8/24/2023 8:53:00 PM","No Pedestrians Involved","Dry","No Unusual Conditions","Dark - Street Light","Violation Driver 1","No Controls Present/Factor","Clear","Rear End","Non-Related","Other Vehicle","Not Applicable","Not Applicable","East Of","","True","True","86470","MABURY RD","OAKLAND RD","37.36402485","-121.8916224"
"698867","CR-0000100151","1","0","0","0","23-124-0349","False","False","0.0","5/4/2023 11:05:00 AM","No Pedestrians Involved","Dry","Unknown","Daylight","Violation Driver 1","Controls Functioning","Clear","Rear End","Intersection","Other Vehicle","Not Applicable","Not Applicable","At","","True","True","107194","SANTA CLARA ST","TWENTY EIGHTH ST","37.34871706","-121.8641341"
"711677","CR-0000101359","0","0","0","0","23-321-0048","False","False","115.0","11/17/2023 1:24:00 AM","No Pedestrians Involved","Dry","No Unusual Conditions","Dark - Street Light","Violation Driver 1","Controls Functioning","Clear","Rear End","Non-Related","Other Vehicle","Not Applicable","Not Applicable","West Of","","False","True","107194","SANTA CLARA ST","TWENTY EIGHTH ST","37.34871706","-121.8641341"
"691005","CR-0000097176","0","0","0","0","23-057-0114","True","False","176.0","2/26/2023 2:37:00 AM","No Pedestrians Involved","Dry","No Unusual Conditions","Dark - Street Light","Violation Driver 1","Unknown","Clear","Hit Object","Non-Related","Fixed Object","Not Applicable","Not Applicable","East Of","Lightpole","True","True","107194","SANTA CLARA ST","TWENTY EIGHTH ST","37.34871706","-121.8641341"
"696013","CR-0000099148","0","0","0","0","23-212-0536","False","False","51.0","7/31/2023 11:57:00 AM","No Pedestrians Involved","Dry","No Unusual Conditions","Daylight","Violation Driver 1","No Controls Present/Factor","Clear","Sideswipe","Non-Related","Other Vehicle","Not Applicable","Not Applicable","East Of","","False","True","5390","ALMADEN RD","CURTNER AV","37.29232482","-121.8800742"
"694675","CR-0000098709","1","1","0","0","23-237-0909","False","False","0.0","8/25/2023 8:51:00 PM","No Pedestrians Involved","Dry","No Unusual Conditions","Dark - Street Light","Violation Driver 1","Controls Functioning","Clear","Rear End","Intersection","Other Vehicle","Not Applicable","Not Applicable","At","","False","True","5390","ALMADEN RD","CURTNER AV","37.29232482","-121.8800742"
"716048","CR-0000101837","1","0","0","0","23-348-0220","False","False","215.0","12/14/2023 8:22:00 AM","No Pedestrians Involved","Dry","No Unusual Conditions","Daylight","Violation Driver 1","Controls Functioning","Clear","Rear End","Non-Related","Other Vehicle","Not Applicable","Not Applicable","South Of","","True","True","108162","SENTER RD","TULLY RD","37.30795852","-121.8476539"
"695965","CR-0000099098","0","0","0","0","23-213-0197","False","False","0.0","8/1/2023 7:08:00 AM","No Pedestrians Involved","Dry","No Unusual Conditions","Daylight","Violation Driver 1","Controls Functioning","Clear","Rear End","Intersection","Other Vehicle","Not Applicable","Not Applicable","At","","False","True","108162","SENTER RD","TULLY RD","37.30795852","-121.8476539"
"696515","CR-0000099702","2","1","0","0","23-336-0778","False","False","71.0","12/2/2023 8:42:00 PM","No Pedestrians Involved","Wet","No Unusual Conditions","Dark - Street Light","Violation Driver 1","Controls Functioning","Clear","Rear End","Non-Related","Other Vehicle","Not Applicable","Not Applicable","South Of","","True","True","108162","SENTER RD","TULLY RD","37.30795852","-121.8476539"
"690598","CR-0000096719","1","0","0","0","23-006-0040","False","False","0.0","1/6/2023 12:55:00 AM","No Pedestrians Involved","Dry","No Unusual Conditions","Dark - Street Light","Violation Driver 1","Controls Functioning","Clear","Vehicle/Bike","Intersection","Bike","Not Applicable","Not Applicable","At","BIKE","False","True","108162","SENTER RD","TULLY RD","37.30795852","-121.8476539"
"711597","CR-0000101441","0","0","0","0","23-364-0388","False","False","0.0","12/30/2023 2:10:00 PM","No Pedestrians Involved","Dry","No Unusual Conditions","Daylight","Violation Driver 1","No Controls Present/Factor","Clear","Sideswipe","Intersection","Other Vehicle","Not Applicable","Not Applicable","At","","False","True","1275","ABORN RD","CAPITOL EX","37.3114326","-121.8080686"