"CrashFactId","Name","MinorInjuries","ModerateInjuries","SevereInjuries","FatalInjuries","TcrNumber","CityDamageFlag","ShortFormFlag","Distance","CrashDateTime","PedestrianAction","RoadwaySurface","RoadwayCondition","Lighting","PrimaryCollisionFactor","TrafficControl","Weather","CollisionType","ProximityToIntersection","VehicleInvolvedWith","PedestrianDirectionFrom","PedestrianDirectionTo","DirectionFromIntersection","Comment","SpeedingFlag","HitAndRunFlag","IntersectionNumber","AStreetName","BStreetName","Latitude","Longitude"
"715854","CR-0000101751","0","0","0","0","23-241-9706","False","True","0.0","8/23/2023 5:00:00 PM","No Pedestrians Involved","Dry","No Unusual Conditions","Daylight","Unknown","Controls Functioning","Clear","Sideswipe","Intersection","Other Vehicle","Not Applicable","Not Applicable","At","","False","True","1275","ABORN RD","CAPITOL EX","37.3114326","-121.8080686"
"695820","CR-0000098885","0","1","0","0","23-266-0513","False","False","0.0","9/23/2023 3:28:00 PM","Crossing - Not In Crosswalk","Dry","No Unusual Conditions","Daylight","Pedestrian At Fault","No Controls Present/Factor","Clear","Vehicle/Pedestrian","Intersection","Pedestrian","North","South","At","PED","False","True","105984","SAN ANTONIO ST","TWENTY EIGHTH ST","37.34553624","-121.8617827"
"699091","CR-0000100406","0","0","0","0","23-166-0433","False","False","51.0","6/15/2023 2:00:00 AM","No Pedestrians Involved","Dry","No Unusual Conditions","Dark - Street Light","Violation Driver 1","No Controls Present/Factor","Clear","Rear End","Non-Related","Parked Vehicle","Not Applicable","Not Applicable","North Of","","False","True","74590","HUMBOLDT ST","SECOND ST","37.31913203","-121.8764641"
"699169","CR-0000100488","0","0","0","0","23-176-0899","False","False","120.0","6/25/2023 10:08:00 PM","No Pedestrians Involved","Dry","No Unusual Conditions","Dark - Street Light","Violation Driver 1","Controls Functioning","Clear","Sideswipe","Non-Related","Parked Vehicle","Not Applicable","Not Applicable","South Of","","False","True","95886","NINETEENTH ST","WILLIAM ST","37.33854853","-121.8664583"
"715935","CR-0000101897","0","0","0","0","23-319-0651","False","False","219.0","11/15/2023 4:59:00 PM","No Pedestrians Involved","Dry","No Unusual Conditions","Dusk - Dawn","Violation Driver 1","No Controls Present/Factor","Cloudy","Rear End","Non-Related","Parked Vehicle","Not Applicable","Not Applicable","North Of","","False","True","112595","TWENTY FIRST ST","WILLIAM ST","37.33969279","-121.864764"
"699097","CR-0000100414","0","0","0","0","23-173-0294","False","False","66.0","6/22/2023 4:30:00 AM","No Pedestrians Involved","Dry","No Unusual Conditions","Dark - Street Light","Violation Driver 1","No Controls Present/Factor","Clear","Sideswipe","Non-Related","Parked Vehicle","Not Applicable","Not Applicable","West Of","","True","True","112595","TWENTY FIRST ST","WILLIAM ST","37.33969279","-121.864764"
"696141","CR-0000099283","0","0","0","0","23-241-0216","False","False","2586.0","8/29/2023 6:10:00 AM","No Pedestrians Involved","Dry","No Unusual Conditions","Dusk - Dawn","Violation Driver 1","No Controls Present/Factor","Clear","Sideswipe","Non-Related","Parked Vehicle","Not Applicable","Not Applicable","South Of","","True","True","112628","TWENTY SECOND ST","WILLIAM ST","37.34026081","-121.8639254"
"690599","CR-0000096720","1","0","0","0","23-016-0254","False","False","39.0","1/16/2023 8:49:00 AM","No Pedestrians Involved","Wet","Unknown","Daylight","Violation Driver 1","Controls Functioning","Cloudy","Rear End","Related","Other Vehicle","Not Applicable","Not Applicable","North Of","","True","True","4751","ALMADEN EX","IRONWOOD DR","37.28914582","-121.8811594"
"699034","CR-0000100340","0","0","1","0","23-205-0632","False","False","359.0","7/24/2023 4:14:00 PM","No Pedestrians Involved","Dry","No Unusual Conditions","Daylight","Bike At Fault","No Controls Present/Factor","Clear","Vehicle/Bike","Non-Related","Bike","Not Applicable","Not Applicable","North Of","BIKE","False","True","4751","ALMADEN EX","IRONWOOD DR","37.28914582","-121.8811594"
"711715","CR-0000101041","0","0","0","0","23-155-0555","False","False","465.0","9/23/2023 4:49:00 PM","No Pedestrians Involved","Dry","No Unusual Conditions","Daylight","Violation Driver 1","Unknown","Clear","Broadside","Non-Related","Other Vehicle","Not Applicable","Not Applicable","North Of","","False","True","4751","ALMADEN EX","IRONWOOD DR","37.28914582","-121.8811594"
"694276","CR-0000098015","0","1","0","0","23-103-0783","True","False","173.0","4/13/2023 6:38:00 PM","No Pedestrians Involved","Dry","No Unusual Conditions","Daylight","Violation Driver 1","No Controls Present/Factor","Clear","Hit Object","Non-Related","Fixed Object","Not Applicable","Not Applicable","South Of","","False","True","60620","FIRST ST","SKYPORT DR","37.36699789","-121.9135555"
"694211","CR-0000097981","0","0","1","0","23-064-0673","False","False","95.0","3/5/2023 8:11:00 PM","Not In Road","Dry","No Unusual Conditions","Dark - Street Light","Violation Driver 1","Unknown","Clear","Vehicle/Bike","Non-Related","Bike","South","North","North Of","BICYCLIST","False","True","60620","FIRST ST","SKYPORT DR","37.36699789","-121.9135555"
"694796","CR-0000098834","1","0","0","0","23-229-0696","False","False","0.0","8/17/2023 6:17:00 PM","No Pedestrians Involved","Dry","No Unusual Conditions","Daylight","Violation Driver 1","Controls Functioning","Clear","Rear End","Intersection","Other Vehicle","Not Applicable","Not Applicable","At","","True","True","60631","FIRST ST","SONORA AV","37.36417383","-121.9114501"
"696274","CR-0000099421","0","0","0","0","23-115-0365","False","False","51.0","4/25/2023 11:05:00 AM","No Pedestrians Involved","Dry","No Unusual Conditions","Daylight","Violation Driver 1","No Controls Present/Factor","Clear","Rear End","Non-Related","Other Vehicle","Not Applicable","Not Applicable","East Of","","True","True","20041","BLOSSOM HILL RD","ENTRADA CEDROS/WEST VALLEY FR","37.25116973","-121.8345833"
"691013","CR-0000097184","0","0","0","0","23-049-0675","False","False","194.0","2/18/2023 6:20:00 PM","No Pedestrians Involved","Dry","No Unusual Conditions","Dark - Street Light","Violation Driver 1","Controls Functioning","Clear","Rear End","Non-Related","Other Vehicle","Not Applicable","Not Applicable","West Of","","True","True","20041","BLOSSOM HILL RD","ENTRADA CEDROS/WEST VALLEY FR","37.25116973","-121.8345833"
"692414","CR-0000097697","0","0","0","0","23-084-0436","False","False","131.0","3/21/2023 8:17:00 PM","No Pedestrians Involved","Wet","No Unusual Conditions","Dark - Street Light","Violation Driver 1","Controls Functioning","Rain","Rear End","Non-Related","Parked Vehicle","Not Applicable","Not Applicable","South Of","","True","True","58112","FABIAN DR","MERIDIAN AV","37.27529093","-121.9088592"
"696538","CR-0000099725","1","0","0","0","23-342-0230","False","False","0.0","12/8/2023 7:30:00 AM","Crossing In Crosswalk - At Intersection","Dry","No Unusual Conditions","Daylight","Violation Driver 1","No Controls Present/Factor","Clear","Vehicle/Pedestrian","Intersection","Pedestrian","West","East","At","PED","True","True","78198","HERMOCILLA WY/KAMMERER AV","KING RD","37.34692599","-121.8499435"
"695866","CR-0000098931","0","0","0","0","23-092-0650","False","False","0.0","4/2/2023 6:28:00 PM","No Pedestrians Involved","Dry","No Unusual Conditions","Dusk - Dawn","Violation Driver 1","Controls Functioning","Cloudy","Broadside","Intersection","Other Vehicle","Not Applicable","Not Applicable","At","","False","True","105885","SAN ANTONIO ST","SUNSET AV","37.35265459","-121.8467945"
"696221","CR-0000099366","0","0","0","0","23-117-0555","False","False","115.0","4/26/2023 11:20:00 PM","No Pedestrians Involved","Dry","No Unusual Conditions","Dark - Street Light","Violation Driver 1","No Controls Present/Factor","Clear","Sideswipe","Non-Related","Parked Vehicle","Not Applicable","Not Applicable","North Of","","False","True","11175","AVENIDA GRANDE","AVENIDA ROTELLA","37.23219109","-121.7643087"
"691189","CR-0000097391","0","0","0","0","23-056-0148","True","False","0.0","2/25/2023 5:24:00 AM","No Pedestrians Involved","Dry","No Unusual Conditions","Dark - Street Light","Unknown","Controls Functioning","Clear","Hit Object","Intersection","Fixed Object","Not Applicable","Not Applicable","At","","False","True","107360","SANTA TERESA BL","SNELL AV","37.23687331","-121.8306068"
"691099","CR-0000097273","0","0","0","0","23-046-0813","False","False","0.0","2/15/2023 6:19:00 PM","No Pedestrians Involved","Dry","No Unusual Conditions","Dusk - Dawn","Violation Driver 1","No Controls Present/Factor","Clear","Sideswipe","Intersection","Other Vehicle","Not Applicable","Not Applicable","At","","False","True","69728","HAMILTON AV","LEIGH AV","37.29437324","-121.9226561"
"694769","CR-0000098806","1","0","0","0","23-231-0711","False","False","56.0","8/19/2023 10:18:00 PM","No Pedestrians Involved","Dry","No Unusual Conditions","Dark - Street Light","Violation Driver 1","Controls Functioning","Clear","Rear End","Non-Related","Other Vehicle","Not Applicable","Not Applicable","East Of","","True","True","69728","HAMILTON AV","LEIGH AV","37.29437324","-121.9226561"
"691229","CR-0000097453","0","0","0","0","23-049-0864","False","False","0.0","2/18/2023 10:02:00 PM","No Pedestrians Involved","Dry","No Unusual Conditions","Dark - No Street Light","Violation Driver 1","No Controls Present/Factor","Clear","Sideswipe","Intersection","Other Vehicle","Not Applicable","Not Applicable","At","","False","True","49070","DE MARIETTA AV","DE MARIETTA CT","37.30253075","-121.9248096"
"696539","CR-0000099726","1","0","0","0","23-342-0233","False","False","42.0","12/8/2023 9:00:00 AM","No Pedestrians Involved","Dry","No Unusual Conditions","Daylight","Violation Driver 1","Controls Functioning","Clear","Rear End","Related","Other Vehicle","Not Applicable","Not Applicable","East Of","","True","True","50863","DI FIORE DR","FRUITDALE AV","37.31069305","-121.9242893"
"715928","CR-0000101743","0","0","0","0","23-220-0930","False","False","0.0","8/8/2023 9:40:00 PM","No Pedestrians Involved","Dry","No Unusual Conditions","Dark - Street Light","Violation Driver 1","Controls Functioning","Clear","Sideswipe","Intersection","Other Vehicle","Not Applicable","Not Applicable","At","","False","True","126543","ALMADEN PLAZA WY","WEST VALLEY FR","37.25415859","-121.8770997"
"715944","CR-0000101803","0","0","0","0","23-137-0851","False","False","20.0","5/17/2023 7:30:00 PM","No Pedestrians Involved","Dry","No Unusual Conditions","Daylight","Violation Driver 1","No Controls Present/Factor","Clear","Sideswipe","Related","Parked Vehicle","Not Applicable","Not Applicable","East Of","","True","True","130811","DARWIN CT","SUMMER BLOSSOM AV","37.32670043","-121.8429804"
"697578","CR-0000099789","0","1","0","0","23-257-0844","False","False","1194.0","9/14/2023 7:57:00 PM","No Pedestrians Involved","Dry","No Unusual Conditions","Dark - Street Light","Violation Driver 1","No Controls Present/Factor","Clear","Vehicle/Bike","Non-Related","Bike","Not Applicable","Not Applicable","North Of","BIKE","False","True","108382","SEVENTH ST/OLD TULLY RD","TULLY RD","37.30357039","-121.8547186"
"699454","CR-0000100799","0","0","0","0","23-204-0166","True","False","33.0","7/23/2023 2:59:00 AM","No Pedestrians Involved","Dry","Unknown","Dark - Street Light","Violation Driver 1","Unknown","Clear","Hit Object","Related","Fixed Object","Not Applicable","Not Applicable","South Of","TRAFFIC POLE","True","True","94467","MT VISTA DR","WHITE RD","37.35081781","-121.8142978"
"691346","CR-0000097594","1","0","0","0","23-087-0717","False","False","81.0","3/28/2023 6:15:00 PM","No Pedestrians Involved","Wet","No Unusual Conditions","Daylight","Violation Driver 1","No Controls Present/Factor","Clear","Sideswipe","Non-Related","Other Vehicle","Not Applicable","Not Applicable","West Of","","False","True","94016","MT HERMAN DR","MT VISTA DR","37.35130314","-121.8135645"
"712101","CR-0000101395","0","0","0","0","23-305-0901","False","False","0.0","11/1/2023 7:43:00 PM","No Pedestrians Involved","Dry","No Unusual Conditions","Dark - Street Light","Violation Driver 1","No Controls Present/Factor","Clear","Head On","Intersection","Other Vehicle","Not Applicable","Not Applicable","At","","False","True","94016","MT HERMAN DR","MT VISTA DR","37.35130314","-121.8135645"
"715966","CR-0000101862","0","0","0","0","23-156-9708","False","True","542.0","5/21/2023 12:18:00 AM","No Pedestrians Involved","Dry","No Unusual Conditions","Dark - Street Light","Unknown","No Controls Present/Factor","Clear","Rear End","Non-Related","Parked Vehicle","Not Applicable","Not Applicable","North Of","","False","True","93994","MT HERMAN DR","MT MCKINLEY DR","37.34834467","-121.8108619"
"696397","CR-0000099574","0","0","0","0","23-150-0900","False","False","550.0","5/30/2023 9:53:00 PM","No Pedestrians Involved","Dry","No Unusual Conditions","Dark - Street Light","Violation Driver 1","No Controls Present/Factor","Clear","Rear End","Non-Related","Parked Vehicle","Not Applicable","Not Applicable","North Of","","True","True","93994","MT HERMAN DR","MT MCKINLEY DR","37.34834467","-121.8108619"
"692368","CR-0000097650","0","0","0","0","23-065-0028","False","False","348.0","3/6/2023 1:07:00 AM","No Pedestrians Involved","Dry","No Unusual Conditions","Dark - Street Light","Violation Driver 1","No Controls Present/Factor","Clear","Other","Non-Related","Parked Vehicle","Not Applicable","Not Applicable","North Of","","False","True","93994","MT HERMAN DR","MT MCKINLEY DR","37.34834467","-121.8108619"
"711638","CR-0000101275","0","0","0","0","23-242-1050","False","False","0.0","8/30/2023 11:00:00 PM","No Pedestrians Involved","Dry","No Unusual Conditions","Dark - Street Light","Violation Driver 1","Controls Functioning","Clear","Sideswipe","Intersection","Non-Collision","Not Applicable","Not Applicable","At","","False","True","20459","BLOSSOM HILL RD","SNELL AV","37.25128824","-121.8308378"
"694672","CR-0000098706","0","1","0","0","23-243-0608","False","False","0.0","8/31/2023 3:00:00 PM","Not In Road","Dry","No Unusual Conditions","Daylight","Violation Driver 1","No Controls Present/Factor","Clear","Vehicle/Pedestrian","Intersection","Scooter Non-Motorized","South","North","At","PED(SCOOTER)","True","True","54262","EDENVIEW DR","GREY GHOST AV","37.26606743","-121.8120845"
"699441","CR-0000100782","0","0","0","0","23-196-0847","False","False","45.0","7/15/2023 9:39:00 PM","No Pedestrians Involved","Dry","No Unusual Conditions","Dark - Street Light","Violation Driver 1","No Controls Present/Factor","Clear","Rear End","Related","Parked Vehicle","Not Applicable","Not Applicable","North Of","","False","True","112507","TUSTIN DR","VANPORT DR","37.31334289","-121.8137597"
"698676","CR-0000099913","1","0","0","0","23-216-0086","False","False","259.0","8/4/2023 3:07:00 AM","No Pedestrians Involved","Dry","No Unusual Conditions","Dark - Street Light","Violation Driver 1","No Controls Present/Factor","Clear","Sideswipe","Non-Related","Other Vehicle","Not Applicable","Not Applicable","West Of","","True","True","9624","ASCOT LN","SOUTHSIDE DR","37.29475136","-121.8358369"
"691142","CR-0000097337","0","0","0","0","23-035-0295","False","False","29.0","2/4/2023 11:52:00 AM","No Pedestrians Involved","Dry","No Unusual Conditions","Daylight","Violation Driver 1","No Controls Present/Factor","Cloudy","Sideswipe","Related","Parked Vehicle","Not Applicable","Not Applicable","West Of","","True","True","74733","HUNKEN DR","POCATELLO CT/POCATELLO DR","37.29616225","-121.8381165"
"711576","CR-0000101411","0","0","0","0","23-336-0974","False","False","55.0","12/2/2023 11:39:00 PM","No Pedestrians Involved","Dry","No Unusual Conditions","Dark - Street Light","Violation Driver 1","No Controls Present/Factor","Clear","Rear End","Non-Related","Parked Vehicle","Not Applicable","Not Applicable","South Of","","False","True","24474","BRENDA LEE DR","SNELL AV","37.22910441","-121.8304953"
"715910","CR-0000101947","0","0","0","0","23-221-0654","False","False","51.0","8/9/2023 1:30:00 AM","No Pedestrians Involved","Dry","No Unusual Conditions","Dark - Street Light","Violation Driver 1","No Controls Present/Factor","Clear","Rear End","Non-Related","Other Vehicle","Not Applicable","Not Applicable","South Of","","False","True","97976","OTHELLO AV","RIGOLETTO DR","37.31959245","-121.820938"
"692566","CR-0000097857","1","0","0","0","23-097-0886","False","False","","4/7/2023 9:30:00 PM","No Pedestrians Involved","Dry","No Unusual Conditions","Dark - Street Light","Violation Driver 1","Controls Functioning","Clear","Rear End","Related","Other Vehicle","Not Applicable","Not Applicable","North Of","","True","True","79749","KING RD","SINCLAIR FR","37.34379805","-121.8468819"
"690764","CR-0000096902","1","0","0","0","23-021-0545","False","False","0.0","1/21/2023 4:48:00 PM","No Pedestrians Involved","Dry","No Unusual Conditions","Dusk - Dawn","Violation Driver 1","Controls Functioning","Clear","Sideswipe","Intersection","Other Vehicle","Not Applicable","Not Applicable","At","","True","True","79749","KING RD","SINCLAIR FR","37.34379805","-121.8468819"
"711705","CR-0000101384","0","0","0","0","23-315-0082","True","False","0.0","11/11/2023 1:58:00 AM","No Pedestrians Involved","Dry","No Unusual Conditions","Dark - Street Light","Violation Driver 1","Controls Functioning","Clear","Hit Object","Intersection","Fixed Object","Not Applicable","Not Applicable","At","SIGNAL","True","True","79749","KING RD","SINCLAIR FR","37.34379805","-121.8468819"
"696080","CR-0000099215","0","0","0","0","23-070-0347","False","False","104.0","3/11/2023 12:42:00 PM","No Pedestrians Involved","Dry","No Unusual Conditions","Daylight","Violation Driver 1","No Controls Present/Factor","Cloudy","Sideswipe","Non-Related","Parked Vehicle","Not Applicable","Not Applicable","East Of","","False","True","107711","SARON AV","SHORTRIDGE AV","37.35578706","-121.8470034"
"691233","CR-0000097457","0","0","0","0","23-045-0865","False","False","30.0","2/14/2023 10:55:00 PM","No Pedestrians Involved","Dry","No Unusual Conditions","Dark - Street Light","Violation Driver 1","No Controls Present/Factor","Clear","Sideswipe","Related","Parked Vehicle","Not Applicable","Not Applicable","North Of","","True","True","99550","PEACH CT","TWENTY FOURTH ST","37.34234098","-121.8631772"
"696431","CR-0000099608","0","0","0","0","23-107-0017","False","False","10.0","4/17/2023 12:44:00 AM","No Pedestrians Involved","Dry","No Unusual Conditions","Dark - Street Light","Violation Driver 1","Controls Functioning","Clear","Sideswipe","Related","Parked Vehicle","Not Applicable","Not Applicable","South Of","","True","True","99550","PEACH CT","TWENTY FOURTH ST","37.34234098","-121.8631772"
"712230","CR-0000101673","0","0","0","0","23-320-0819","False","False","138.0","11/16/2023 8:58:00 PM","No Pedestrians Involved","Dry","No Unusual Conditions","Dark - Street Light","Violation Driver 1","No Controls Present/Factor","Cloudy","Rear End","Non-Related","Other Vehicle","Not Applicable","Not Applicable","East Of","","True","True","113255","WALGROVE WY","WINCHESTER BL","37.30643317","-121.9500061"
"691371","CR-0000097620","0","0","0","0","23-061-0896","False","False","190.0","3/2/2023 9:26:00 PM","No Pedestrians Involved","Dry","No Unusual Conditions","Dark - Street Light","Violation Driver 1","Controls Functioning","Clear","Hit Object","Non-Related","Fixed Object","Not Applicable","Not Applicable","West Of","""Speed-limit"" Sign","False","True","2562","ALAMEDA","NAGLEE AV/TAYLOR ST","37.33758415","-121.9192726"
"711704","CR-0000101346","0","0","0","0","23-252-0930","False","False","32.0","9/9/2023 10:06:00 PM","No Pedestrians Involved","Dry","No Unusual Conditions","Dark - Street Light","Violation Driver 1","No Controls Present/Factor","Clear","Sideswipe","Related","Parked Vehicle","Not Applicable","Not Applicable","South Of","","False","True","99109","PARKMOOR AV","SINCLAIR FR","37.31710979","-121.918709"
"699442","CR-0000100787","0","0","0","0","23-204-0635","False","False","55.0","7/23/2023 2:23:00 PM","No Pedestrians Involved","Dry","No Unusual Conditions","Daylight","Violation Driver 1","No Controls Present/Factor","Clear","Sideswipe","Non-Related","Parked Vehicle","Not Applicable","Not Applicable","South Of","","True","True","112298","TRIPP AV","TWENTY SIXTH ST","37.35305229","-121.8712096"
"696021","CR-0000099156","0","0","0","0","23-208-0693","False","False","0.0","7/27/2023 6:47:00 PM","No Pedestrians Involved","Dry","No Unusual Conditions","Daylight","Violation Driver 1","No Controls Present/Factor","Clear","Rear End","Intersection","Parked Vehicle","Not Applicable","Not Applicable","At","","False","True","77835","JULIAN ST","TWENTY SEVENTH ST","37.35238315","-121.8689227"
"691231","CR-0000097455","0","0","0","0","23-052-0357","False","False","98.0","2/21/2023 11:58:00 AM","No Pedestrians Involved","Dry","No Unusual Conditions","Daylight","Violation Driver 1","No Controls Present/Factor","Clear","Rear End","Non-Related","Parked Vehicle","Not Applicable","Not Applicable","South Of","","True","True","32141","CAPISTRANO AV","CASA BLANCA DR","37.32056079","-121.9886866"
"699167","CR-0000100486","0","0","0","0","23-178-0336","False","False","96.0","6/27/2023 10:50:00 AM","No Pedestrians Involved","Dry","No Unusual Conditions","Daylight","Violation Driver 1","No Controls Present/Factor","Clear","Other","Non-Related","Other Vehicle","Not Applicable","Not Applicable","South Of","","False","True","6181","ALUM ROCK AV","SUNSET AV","37.35581219","-121.8491892"
"690585","CR-0000096706","0","0","0","0","23-029-0028","False","False","330.0","1/29/2023 12:23:00 AM","No Pedestrians Involved","Dry","No Unusual Conditions","Dark - Street Light","Violation Driver 1","No Controls Present/Factor","Clear","Rear End","Non-Related","Parked Vehicle","Not Applicable","Not Applicable","North Of","","True","True","6181","ALUM ROCK AV","SUNSET AV","37.35581219","-121.8491892"
"715810","CR-0000101848","0","0","0","0","23-094-9703","False","True","0.0","3/15/2023 12:14:00 PM","No Pedestrians Involved","Dry","No Unusual Conditions","Daylight","Violation Driver 1","No Controls Present/Factor","Clear","Rear End","Intersection","Parked Vehicle","Not Applicable","Not Applicable","At","","False","True","143989","KOCHER DR","MONTEMAR WY","37.29057653","-121.9146311"
"696117","CR-0000099258","0","0","0","0","23-232-0874","False","False","0.0","8/20/2023 7:55:00 PM","No Pedestrians Involved","Dry","No Unusual Conditions","Dark - Street Light","Violation Driver 1","No Controls Present/Factor","Clear","Rear End","Intersection","Parked Vehicle","Not Applicable","Not Applicable","At","","True","True","48652","DARRYL DR","GLEASON AV","37.29753986","-121.9635343"
"696568","CR-0000099765","0","1","0","0","23-258-0820","False","False","285.0","9/15/2023 9:00:00 AM","No Pedestrians Involved","Dry","No Unusual Conditions","Daylight","Violation Driver 1","Unknown","Clear","Vehicle/Bike","Non-Related","Bike","Not Applicable","Not Applicable","West Of","BIKE","False","True","69190","GULLO AV/WILLIAMS RD","MOORPARK AV","37.30950397","-121.9934127"
"690726","CR-0000096863","1","0","0","0","23-053-0096","False","False","","2/22/2023 4:13:00 AM","No Pedestrians Involved","Dry","No Unusual Conditions","Dark - Street Light","Violation Driver 1","Controls Functioning","Clear","Head On","Related","Other Vehicle","Not Applicable","Not Applicable","North Of","","True","True","17456","BERRYESSA RD","FLICKINGER AV/JACKSON AV","37.37976768","-121.8673571"
"696043","CR-0000099178","0","0","0","0","23-211-0453","False","False","25.0","7/30/2023 12:56:00 PM","No Pedestrians Involved","Dry","No Unusual Conditions","Daylight","Violation Driver 1","No Controls Present/Factor","Clear","Hit Object","Related","Fixed Object","Not Applicable","Not Applicable","South Of","TREE","True","True","88153","MARQUETTE DR","PRINCETON DR","37.24408726","-121.8931375"
"690904","CR-0000097067","0","0","0","0","23-056-0072","False","False","42.0","2/25/2023 2:03:00 AM","No Pedestrians Involved","Dry","No Unusual Conditions","Dark - Street Light","Violation Driver 1","Controls Functioning","Clear","Rear End","Related","Other Vehicle","Not Applicable","Not Applicable","West Of","","False","True","31503","CANOAS GARDEN AV","CURTNER AV","37.29301733","-121.8746016"
"711589","CR-0000101031","0","0","0","0","23-254-0957","False","False","","9/11/2023 6:01:00 PM","No Pedestrians Involved","Dry","No Unusual Conditions","Daylight","Violation Driver 1","No Controls Present/Factor","Clear","Rear End","Related","Parked Vehicle","Not Applicable","Not Applicable","East Of","","False","True","81476","LANCELOT LN","STORY RD","37.35872192","-121.8153429"
"692462","CR-0000097750","1","0","0","0","23-084-0423","False","False","75.0","3/25/2023 2:36:00 PM","No Pedestrians Involved","Dry","No Unusual Conditions","Daylight","Violation Driver 1","Controls Functioning","Clear","Rear End","Non-Related","Other Vehicle","Not Applicable","Not Applicable","South Of","","True","True","113530","WHITE RD","WOODHAVEN DR","37.35929637","-121.8220241"
"692576","CR-0000097867","0","0","0","0","23-002-0249","False","False","","1/1/2023 6:36:00 PM","No Pedestrians Involved","Dry","No Unusual Conditions","Dark - Street Light","Violation Driver 1","Unknown","Cloudy","Rear End","Related","Parked Vehicle","Not Applicable","Not Applicable","West Of","","False","True","94082","MT KENYA DR","MT ST HELENA DR","37.35163938","-121.8000235"
"690741","CR-0000096878","0","0","0","0","23-013-0404","False","False","0.0","1/13/2023 1:34:00 PM","No Pedestrians Involved","Wet","No Unusual Conditions","Daylight","Violation Driver 1","Unknown","Rain","Hit Object","Intersection","Fixed Object","Not Applicable","Not Applicable","At","","True","True","94720","MURTHA DR","WHITE RD","37.351667","-121.8150659"
"696168","CR-0000099311","0","0","0","0","23-094-1028","False","False","36.0","4/4/2023 11:00:00 PM","No Pedestrians Involved","Dry","No Unusual Conditions","Dark - Street Light","Violation Driver 1","Controls Functioning","Clear","Rear End","Related","Other Vehicle","Not Applicable","Not Applicable","South Of","","True","True","103421","REED ST","SEVENTH ST","37.33011424","-121.8774255"
"711569","CR-0000100986","0","0","0","0","23-259-0233","False","False","66.0","9/16/2023 8:26:00 AM","No Pedestrians Involved","Dry","No Unusual Conditions","Dark - Street Light","Violation Driver 1","No Controls Present/Factor","Clear","Head On","Non-Related","Parked Vehicle","Not Applicable","Not Applicable","North Of","","False","True","3871","ALLEN AV","STEINBECK DR","37.24711975","-121.8555614"
"711786","CR-0000101544","0","0","0","0","23-337-0461","False","False","55.0","12/3/2023 1:07:00 PM","No Pedestrians Involved","Dry","No Unusual Conditions","Daylight","Violation Driver 1","Controls Functioning","Clear","Rear End","Non-Related","Parked Vehicle","Not Applicable","Not Applicable","South Of","","False","True","107117","SANTA CLARA ST","THIRD ST","37.337173","-121.8884635"
"711780","CR-0000100840","0","0","0","0","23-205-4006","False","True","0.0","7/23/2023 3:05:00 PM","No Pedestrians Involved","Unknown","Unknown","Unknown","Violation Driver 1","Unknown","Unknown","Broadside","Intersection","Other Vehicle","Not Applicable","Not Applicable","At","","False","True","107117","SANTA CLARA ST","THIRD ST","37.337173","-121.8884635"
"699157","CR-0000100475","0","0","0","0","23-164-0102","False","False","149.0","6/13/2023 3:02:00 AM","No Pedestrians Involved","Dry","No Unusual Conditions","Dark - Street Light","Violation Driver 1","Unknown","Clear","Rear End","Non-Related","Parked Vehicle","Not Applicable","Not Applicable","East Of","","True","True","107117","SANTA CLARA ST","THIRD ST","37.337173","-121.8884635"
"698891","CR-0000100189","0","0","1","0","23-309-0092","False","False","30.0","11/5/2023 1:20:00 AM","In Road - Includes Shoulder","Dry","No Unusual Conditions","Daylight","Violation Driver 1","Controls Functioning","Clear","Vehicle/Pedestrian","Related","Pedestrian","North","South","South Of","PED","False","True","63007","FOURTH ST","SANTA CLARA ST","37.33766995","-121.8874011"
"716015","CR-0000101866","0","0","0","0","23-141-0931","False","True","50.0","5/23/2023 11:50:00 AM","No Pedestrians Involved","Unknown","Unknown","Unknown","Unknown","Unknown","Unknown","Rear End","Related","Other Vehicle","Not Applicable","Not Applicable","East Of","","False","True","63029","FOURTH ST","ST JOHN ST","37.33915859","-121.8885215"