"CrashFactId","Name","MinorInjuries","ModerateInjuries","SevereInjuries","FatalInjuries","TcrNumber","CityDamageFlag","ShortFormFlag","Distance","CrashDateTime","PedestrianAction","RoadwaySurface","RoadwayCondition","Lighting","PrimaryCollisionFactor","TrafficControl","Weather","CollisionType","ProximityToIntersection","VehicleInvolvedWith","PedestrianDirectionFrom","PedestrianDirectionTo","DirectionFromIntersection","Comment","SpeedingFlag","HitAndRunFlag","IntersectionNumber","AStreetName","BStreetName","Latitude","Longitude"
"711530","CR-0000100985","0","0","0","0","23-245-0875","False","False","135.0","9/2/2023 10:13:00 PM","No Pedestrians Involved","Dry","No Unusual Conditions","Dark - Street Light","Violation Driver 1","No Controls Present/Factor","Cloudy","Rear End","Non-Related","Parked Vehicle","Not Applicable","Not Applicable","West Of","","True","True","60653","FIRST ST","ST JOHN ST","37.33765529","-121.8916747"
"698794","CR-0000100075","0","1","0","0","23-355-0850","False","False","0.0","12/21/2023 5:56:00 PM","Crossing In Crosswalk - At Intersection","Dry","No Unusual Conditions","Dark - Street Light","Violation Driver 1","Controls Functioning","Clear","Vehicle/Pedestrian","Intersection","Pedestrian","North","South","At","PED","False","True","82851","LEIGH AV","LOS GATOS ALMADEN RD","37.24348779","-121.9226541"
"711574","CR-0000101313","0","0","0","0","23-341-0706","False","False","246.0","12/7/2023 4:19:00 PM","No Pedestrians Involved","Wet","No Unusual Conditions","Daylight","Violation Driver 1","No Controls Present/Factor","Rain","Broadside","Non-Related","Other Vehicle","Not Applicable","Not Applicable","West Of","","True","True","97184","OLD BAYSHORE HW","TERMINAL AV","37.36846431","-121.9059788"
"696540","CR-0000099727","0","0","1","0","23-337-0751","False","False","129.0","12/3/2023 7:20:00 PM","No Pedestrians Involved","Dry","No Unusual Conditions","Dark - Street Light","Violation Driver 1","Controls Functioning","Clear","Vehicle/Bike","Non-Related","Bike","Not Applicable","Not Applicable","East Of","","True","True","66208","GISH RD","OLD BAYSHORE HW/NIMITZ FW","37.36768528","-121.9025214"
"694591","CR-0000098615","0","1","0","0","23-202-0786","False","False","0.0","7/21/2023 7:03:00 PM","No Pedestrians Involved","Dry","No Unusual Conditions","Daylight","Violation Driver 1","Controls Functioning","Clear","Rear End","Intersection","Other Vehicle","Not Applicable","Not Applicable","At","","True","True","66208","GISH RD","OLD BAYSHORE HW/NIMITZ FW","37.36768528","-121.9025214"
"694795","CR-0000098833","1","0","0","0","23-230-0820","False","False","0.0","8/18/2023 7:53:00 PM","No Pedestrians Involved","Dry","No Unusual Conditions","Dark - Street Light","Violation Driver 1","No Controls Present/Factor","Clear","Broadside","Intersection","Other Vehicle","Not Applicable","Not Applicable","At","","False","True","71477","HEDDING ST","MYRTLE ST","37.34189651","-121.9214221"
"691297","CR-0000097542","1","0","0","0","23-060-0534","False","False","20.0","3/1/2023 3:00:00 PM","No Pedestrians Involved","Dry","No Unusual Conditions","Daylight","Violation Driver 1","Controls Functioning","Clear","Rear End","Related","Other Vehicle","Not Applicable","Not Applicable","South Of","","True","True","59894","FIFTH ST","SAN SALVADOR ST","37.3320527","-121.8817577"
"698877","CR-0000100162","0","1","0","0","23-233-0576","False","False","310.0","8/21/2023 2:51:00 PM","No Pedestrians Involved","Wet","Unknown","Daylight","Violation Driver 1","No Controls Present/Factor","Rain","Vehicle/Bike","Non-Related","Bike","Not Applicable","Not Applicable","East Of","BIKE","False","True","98493","GUADALUPE FR/WOZ WY","PARK AV","37.32943039","-121.8953348"
"692564","CR-0000097855","1","0","0","0","23-097-1029","False","False","102.0","4/7/2023 11:33:00 PM","No Pedestrians Involved","Dry","No Unusual Conditions","Dark - Street Light","Violation Driver 1","Controls Functioning","Clear","Sideswipe","Non-Related","Parked Vehicle","Not Applicable","Not Applicable","West Of","","False","True","10548","AUZERAIS AV","JOSEFA ST","37.32444524","-121.8972981"
"699391","CR-0000100719","0","0","0","0","23-190-0183","False","False","60.0","7/9/2023 5:24:00 AM","No Pedestrians Involved","Dry","No Unusual Conditions","Dark - No Street Light","Violation Driver 1","Controls Functioning","Clear","Rear End","Non-Related","Parked Vehicle","Not Applicable","Not Applicable","South Of","","True","True","94830","MYRTLE ST","UNIVERSITY AV","37.3408937","-121.9203316"
"690632","CR-0000096754","0","0","0","0","23-016-0494","False","False","51.0","1/16/2023 1:00:00 PM","No Pedestrians Involved","Dry","No Unusual Conditions","Daylight","Unknown","Unknown","Clear","Sideswipe","Non-Related","Parked Vehicle","Not Applicable","Not Applicable","North Of","","False","True","76185","JACKSON ST","SEVENTEENTH ST","37.35463177","-121.8824155"
"691059","CR-0000097232","0","0","0","0","23-046-0230","False","False","84.0","2/14/2023 11:00:00 PM","No Pedestrians Involved","Dry","No Unusual Conditions","Dark - Street Light","Violation Driver 1","Unknown","Clear","Sideswipe","Non-Related","Parked Vehicle","Not Applicable","Not Applicable","South Of","","False","True","76185","JACKSON ST","SEVENTEENTH ST","37.35463177","-121.8824155"
"699102","CR-0000100418","0","0","0","0","23-177-0043","False","False","33.0","6/25/2023 9:42:00 PM","No Pedestrians Involved","Dry","No Unusual Conditions","Dark - Street Light","Violation Driver 1","Controls Functioning","Clear","Rear End","Related","Parked Vehicle","Not Applicable","Not Applicable","South Of","","True","True","56891","EMPIRE ST","SEVENTEENTH ST","37.35249065","-121.8808204"
"716046","CR-0000101800","0","0","0","0","23-133-0499","False","False","81.0","5/13/2023 11:14:00 AM","No Pedestrians Involved","Dry","No Unusual Conditions","Daylight","Violation Driver 1","No Controls Present/Factor","Clear","Rear End","Non-Related","Parked Vehicle","Not Applicable","Not Applicable","West Of","","False","True","92245","MONET CI","ROSENBAUM AV","37.27301559","-121.8386101"
"711538","CR-0000100899","0","1","0","0","23-311-0390","False","False","421.0","11/7/2023 11:18:00 AM","No Pedestrians Involved","Dry","No Unusual Conditions","Daylight","Violation Driver 1","No Controls Present/Factor","Clear","Rear End","Non-Related","Parked Vehicle","Not Applicable","Not Applicable","West Of","","True","True","61467","FLINTDALE DR","FLINTMONT DR","37.34413985","-121.7989581"
"691173","CR-0000097375","0","0","0","0","23-049-0961","False","False","105.0","2/18/2023 11:34:00 PM","No Pedestrians Involved","Dry","Unknown","Dark - No Street Light","Violation Driver 1","Unknown","Clear","Sideswipe","Non-Related","Parked Vehicle","Not Applicable","Not Applicable","South Of","","False","True","88175","MARSH ST","POMPANO ST","37.33756976","-121.8420807"
"699339","CR-0000100666","0","0","0","0","23-153-0684","False","False","0.0","6/2/2023 5:21:00 PM","No Pedestrians Involved","Dry","No Unusual Conditions","Daylight","Violation Driver 1","Controls Functioning","Clear","Rear End","Intersection","Other Vehicle","Not Applicable","Not Applicable","At","","False","True","42448","COMMERCIAL ST","OAKLAND RD","37.36469384","-121.8917097"
"699195","CR-0000100515","0","0","0","0","23-169-0996","False","False","0.0","6/18/2023 11:30:00 PM","No Pedestrians Involved","Dry","No Unusual Conditions","Dark - Street Light","Violation Driver 1","Controls Functioning","Clear","Sideswipe","Intersection","Other Vehicle","Not Applicable","Not Applicable","At","","True","True","42448","COMMERCIAL ST","OAKLAND RD","37.36469384","-121.8917097"
"711878","CR-0000100989","0","0","0","0","23-266-0627","False","False","0.0","9/23/2023 6:14:00 PM","No Pedestrians Involved","Dry","No Unusual Conditions","Daylight","Violation Driver 1","No Controls Present/Factor","Clear","Broadside","Intersection","Other Vehicle","Not Applicable","Not Applicable","At","","False","True","42448","COMMERCIAL ST","OAKLAND RD","37.36469384","-121.8917097"
"695864","CR-0000098929","0","0","0","0","23-093-0109","False","False","105.0","4/3/2023 2:43:00 AM","No Pedestrians Involved","Dry","No Unusual Conditions","Dark - Street Light","Violation Driver 1","No Controls Present/Factor","Clear","Rear End","Non-Related","Parked Vehicle","Not Applicable","Not Applicable","West Of","","True","True","49092","DE MARIETTA AV","STOKES ST","37.30131778","-121.9257723"
"697624","CR-0000099838","1","0","0","0","23-301-0975","False","False","0.0","10/28/2023 11:17:00 PM","No Pedestrians Involved","Dry","No Unusual Conditions","Dark - Street Light","Violation Driver 1","Controls Functioning","Clear","Broadside","Intersection","Other Vehicle","Not Applicable","Not Applicable","At","","False","True","63920","FRUITDALE AV","LEIGH AV","37.31069683","-121.9232796"
"696552","CR-0000099749","1","0","0","0","23-348-0841","False","False","0.0","12/14/2023 7:30:00 PM","No Pedestrians Involved","Dry","No Unusual Conditions","Dark - Street Light","Violation Driver 1","Unknown","Clear","Vehicle/Bike","Intersection","Bike","Not Applicable","Not Applicable","At","BIKE","False","True","63920","FRUITDALE AV","LEIGH AV","37.31069683","-121.9232796"
"698870","CR-0000100155","1","0","0","0","23-117-0724","False","False","0.0","4/27/2023 6:00:00 PM","No Pedestrians Involved","Dry","No Unusual Conditions","Daylight","Violation Driver 1","Controls Functioning","Clear","Rear End","Intersection","Other Vehicle","Not Applicable","Not Applicable","At","","True","True","63920","FRUITDALE AV","LEIGH AV","37.31069683","-121.9232796"
"695806","CR-0000098871","0","1","0","0","23-269-0332","False","False","0.0","9/26/2023 8:20:00 AM","No Pedestrians Involved","Dry","No Unusual Conditions","Daylight","Violation Driver 1","Controls Functioning","Clear","Vehicle/Bike","Intersection","Bike","Not Applicable","Not Applicable","At","BIKE","False","True","117545","RUE FERRARI","SILICON VALLEY BL","37.24677284","-121.772849"
"696127","CR-0000099269","0","0","0","0","23-235-0710","False","False","18.0","8/23/2023 3:15:00 PM","No Pedestrians Involved","Dry","No Unusual Conditions","Daylight","Violation Driver 1","No Controls Present/Factor","Clear","Sideswipe","Related","Parked Vehicle","Not Applicable","Not Applicable","East Of","","False","True","26300","BROWN AV","WILLIS AV","37.32161825","-121.8951823"
"691385","CR-0000097634","0","0","0","0","23-069-0727","True","False","24.0","3/10/2023 8:05:00 PM","No Pedestrians Involved","Wet","No Unusual Conditions","Dark - Street Light","Violation Driver 1","Controls Functioning","Rain","Hit Object","Related","Fixed Object","Not Applicable","Not Applicable","South Of","Traffic signal pole","True","True","12319","ALMADEN BL/VINE ST","BALBACH ST","37.32656422","-121.8891725"
"715811","CR-0000101729","0","0","0","0","23-225-0516","False","False","51.0","8/13/2023 3:18:00 PM","No Pedestrians Involved","Dry","No Unusual Conditions","Dark - Street Light","Violation Driver 1","Controls Functioning","Clear","Sideswipe","Non-Related","Other Vehicle","Not Applicable","Not Applicable","North Of","","False","True","106303","SAN FERNANDO ST","SECOND ST","37.33481662","-121.8881354"
"715820","CR-0000101905","0","0","0","0","23-322-0997","False","False","0.0","11/19/2023 6:59:00 AM","No Pedestrians Involved","Dry","No Unusual Conditions","Dark - Street Light","Violation Driver 1","Controls Functioning","Unknown","Rear End","Intersection","Other Vehicle","Not Applicable","Not Applicable","At","","True","True","18798","BIRD AV","VIRGINIA ST","37.3201705","-121.8975896"
"712125","CR-0000100845","0","0","0","0","23-183-0157","True","False","0.0","7/2/2023 2:31:00 AM","No Pedestrians Involved","Dry","No Unusual Conditions","Dark - Street Light","Violation Driver 1","No Controls Present/Factor","Clear","Hit Object","Intersection","Fixed Object","Not Applicable","Not Applicable","At","SIGNAL","True","True","18798","BIRD AV","VIRGINIA ST","37.3201705","-121.8975896"
"690933","CR-0000097098","1","0","0","0","23-042-0605","False","False","0.0","2/11/2023 6:04:00 PM","No Pedestrians Involved","Dry","No Unusual Conditions","Daylight","Violation Driver 1","Controls Functioning","Clear","Vehicle/Bike","Intersection","Bike","Not Applicable","Not Applicable","At","BIKE","False","True","106127","SAN CARLOS ST","SUNOL ST","37.32372827","-121.9060424"
"690625","CR-0000096746","0","0","0","0","23-001-0843","False","False","155.0","1/1/2023 8:45:00 PM","No Pedestrians Involved","Dry","No Unusual Conditions","Dark - Street Light","Violation Driver 1","No Controls Present/Factor","Clear","Head On","Non-Related","Other Vehicle","Not Applicable","Not Applicable","West Of","","True","True","48839","DAVID AV","DE TRACEY ST","37.29755686","-121.9471434"
"690898","CR-0000097043","1","1","0","0","23-051-0565","False","False","0.0","2/20/2023 3:54:00 PM","No Pedestrians Involved","Dry","No Unusual Conditions","Daylight","Violation Driver 1","Controls Functioning","Clear","Broadside","Intersection","Other Vehicle","Not Applicable","Not Applicable","At","","True","True","10020","ATHERTON AV","SARATOGA AV","37.29503806","-121.9881902"
"694740","CR-0000098747","0","0","0","0","23-224-0144","True","False","95.0","8/12/2023 3:40:00 AM","No Pedestrians Involved","Dry","No Unusual Conditions","Dark - Street Light","Violation Driver 1","Controls Functioning","Clear","Hit Object","Non-Related","Fixed Object","Not Applicable","Not Applicable","North Of","TREE","False","True","62952","FOURTH ST","ROSEMARY ST","37.361535","-121.9052098"
"695963","CR-0000099096","0","0","0","0","23-226-0079","False","False","264.0","8/14/2023 2:15:00 AM","No Pedestrians Involved","Dry","No Unusual Conditions","Dark - Street Light","Violation Driver 1","No Controls Present/Factor","Clear","Overturned","Non-Related","Parked Vehicle","Not Applicable","Not Applicable","North Of","","True","True","62864","FOURTH ST","GISH RD","37.36338053","-121.9065734"
"711746","CR-0000101372","0","0","0","0","23-308-0666","False","False","36.0","11/4/2023 7:00:00 PM","No Pedestrians Involved","Dry","No Unusual Conditions","Dark - Street Light","Violation Driver 1","Controls Functioning","Clear","Rear End","Related","Other Vehicle","Not Applicable","Not Applicable","South Of","","True","True","62864","FOURTH ST","GISH RD","37.36338053","-121.9065734"
"690833","CR-0000096972","0","0","0","0","23-009-0507","False","False","238.0","1/9/2023 2:16:00 PM","No Pedestrians Involved","Wet","No Unusual Conditions","Daylight","Violation Driver 1","No Controls Present/Factor","Clear","Broadside","Non-Related","Other Vehicle","Not Applicable","Not Applicable","East Of","","True","True","119866","COMMERCIAL CT","COMMERCIAL ST","37.36787934","-121.886717"
"696151","CR-0000099293","0","0","0","0","23-097-0850","False","False","0.0","4/7/2023 9:30:00 PM","No Pedestrians Involved","Dry","No Unusual Conditions","Dark - Street Light","Violation Driver 1","Controls Functioning","Clear","Sideswipe","Intersection","Other Vehicle","Not Applicable","Not Applicable","At","","False","True","95182","NEET AV","WALGROVE WY","37.30646802","-121.9479942"
"711680","CR-0000100973","0","0","0","0","23-248-9703","False","False","51.0","9/4/2023 11:00:00 PM","No Pedestrians Involved","Dry","No Unusual Conditions","Dark - Street Light","Unknown","No Controls Present/Factor","Clear","Broadside","Non-Related","Parked Vehicle","Not Applicable","Not Applicable","South Of","","False","True","97426","OLDWELL CT","SAGEWELL WY","37.24952375","-121.7893532"
"699147","CR-0000100464","0","0","0","0","23-156-0821","False","False","120.0","6/5/2023 6:46:00 PM","No Pedestrians Involved","Dry","No Unusual Conditions","Daylight","Violation Driver 1","No Controls Present/Factor","Clear","Broadside","Non-Related","Parked Vehicle","Not Applicable","Not Applicable","East Of","","False","True","82389","LAUSETT AV","SUNSET AV","37.35384309","-121.8476806"
"695955","CR-0000099088","0","0","0","0","23-225-0956","True","False","140.0","8/13/2023 11:59:00 PM","No Pedestrians Involved","Dry","No Unusual Conditions","Dark - Street Light","Violation Driver 1","Controls Functioning","Clear","Hit Object","Non-Related","Fixed Object","Not Applicable","Not Applicable","West Of","","True","True","6038","ALUM ROCK AV","JOSE FIGUERES AV","37.35693676","-121.8468194"
"690702","CR-0000096839","0","1","0","0","23-022-0138","False","False","177.0","1/22/2023 2:02:00 AM","No Pedestrians Involved","Dry","No Unusual Conditions","Dark - Street Light","Violation Driver 1","No Controls Present/Factor","Clear","Rear End","Non-Related","Other Vehicle","Not Applicable","Not Applicable","South Of","","True","True","6027","ALUM ROCK AV","JACKSON AV","37.35851529","-121.843495"
"691166","CR-0000097368","0","0","0","0","23-036-0159","False","False","23.0","2/5/2023 4:05:00 AM","No Pedestrians Involved","Wet","No Unusual Conditions","Dark - Street Light","Violation Driver 1","Controls Functioning","Clear","Hit Object","Related","Fixed Object","Not Applicable","Not Applicable","West Of","","True","True","6027","ALUM ROCK AV","JACKSON AV","37.35851529","-121.843495"
"691348","CR-0000097596","0","1","0","0","23-089-0847","False","False","0.0","3/30/2023 7:49:00 PM","No Pedestrians Involved","Dry","No Unusual Conditions","Daylight","Violation Driver 1","Controls Functioning","Clear","Vehicle/Pedestrian","Intersection","Pedestrian","Not Applicable","Not Applicable","At","PED","False","True","75998","JACKSON AV","LUZ AV","37.3595793","-121.8446042"
"696547","CR-0000099743","1","0","0","0","23-350-0678","False","False","51.0","12/16/2023 6:00:00 PM","No Pedestrians Involved","Dry","No Unusual Conditions","Dark - Street Light","Violation Driver 1","Controls Functioning","Cloudy","Sideswipe","Non-Related","Other Vehicle","Not Applicable","Not Applicable","South Of","","False","True","52360","DOYLE RD/SAN TOMAS AQUINO RD","SARATOGA AV","37.30284709","-121.9800529"
"692579","CR-0000097870","0","0","0","0","23-043-0710","False","False","130.0","2/12/2023 9:18:00 PM","No Pedestrians Involved","Dry","No Unusual Conditions","Dark - Street Light","Violation Driver 1","No Controls Present/Factor","Clear","Sideswipe","Non-Related","Parked Vehicle","Not Applicable","Not Applicable","West Of","","True","True","26927","BUENA VISTA AV","SCOTT ST","37.31965762","-121.9190115"
"695837","CR-0000098902","0","0","0","0","23-091-0288","True","False","0.0","4/1/2023 10:32:00 AM","No Pedestrians Involved","Dry","No Unusual Conditions","Daylight","Violation Driver 1","No Controls Present/Factor","Clear","Hit Object","Intersection","Fixed Object","Not Applicable","Not Applicable","At","SIGN","True","True","110384","ST JAMES ST","TWENTY FIFTH ST","37.35008308","-121.8694059"
"694056","CR-0000098035","1","0","0","0","23-108-0625","False","False","152.0","4/18/2023 4:37:00 PM","No Pedestrians Involved","Dry","No Unusual Conditions","Daylight","Violation Driver 1","No Controls Present/Factor","Clear","Rear End","Non-Related","Other Vehicle","Not Applicable","Not Applicable","North Of","","False","True","79386","KING RD","LAS PLUMAS AV","37.36248591","-121.8651495"
"690696","CR-0000096831","0","0","1","0","23-028-0145","False","False","0.0","1/28/2023 2:58:00 AM","No Pedestrians Involved","Dry","No Unusual Conditions","Dark - Street Light","Violation Driver 1","Controls Functioning","Clear","Broadside","Intersection","Other Vehicle","Not Applicable","Not Applicable","At","","False","True","79386","KING RD","LAS PLUMAS AV","37.36248591","-121.8651495"
"696555","CR-0000099752","0","1","0","0","23-341-0491","False","False","150.0","12/7/2023 12:45:00 PM","No Pedestrians Involved","Dry","No Unusual Conditions","Daylight","Violation Driver 1","Unknown","Clear","Vehicle/Bike","Non-Related","Bike","Not Applicable","Not Applicable","West Of","BIKE","False","True","104389","ROBERTS AV","STORY RD","37.32880286","-121.859436"
"698850","CR-0000100133","1","0","0","0","23-336-0504","False","False","27.0","12/2/2023 3:20:00 PM","No Pedestrians Involved","Dry","No Unusual Conditions","Daylight","Violation Driver 1","Controls Functioning","Cloudy","Rear End","Related","Other Vehicle","Not Applicable","Not Applicable","West Of","","True","True","104389","ROBERTS AV","STORY RD","37.32880286","-121.859436"
"711740","CR-0000101404","0","0","0","0","23-309-0522","False","False","50.0","11/5/2023 3:00:00 PM","No Pedestrians Involved","Dry","No Unusual Conditions","Daylight","Violation Driver 1","No Controls Present/Factor","Clear","Sideswipe","Related","Other Vehicle","Not Applicable","Not Applicable","North Of","","False","True","16543","BENDORF DR","CARRYBACK AV","37.25931261","-121.8019657"
"699476","CR-0000100775","1","0","0","0","23-201-0886","False","False","0.0","7/20/2023 9:30:00 PM","No Pedestrians Involved","Dry","Unknown","Unknown","Violation Driver 1","Controls Functioning","Clear","Rear End","Intersection","Other Vehicle","Not Applicable","Not Applicable","At","","True","True","20349","BLOSSOM HILL RD","PLAYA DEL REY","37.25031501","-121.852909"
"696015","CR-0000099150","0","0","0","0","23-196-0054","False","False","30.0","7/15/2023 12:58:00 AM","No Pedestrians Involved","Dry","No Unusual Conditions","Dark - Street Light","Violation Driver 1","No Controls Present/Factor","Clear","Rear End","Related","Parked Vehicle","Not Applicable","Not Applicable","East Of","","False","True","55164","EL GRANDE DR","VISTA OAK","37.3940221","-121.8333956"
"698885","CR-0000100182","0","1","0","0","23-333-0731","False","False","170.0","11/29/2023 6:03:00 PM","No Pedestrians Involved","Dry","No Unusual Conditions","Dark - Street Light","Violation Driver 1","Controls Functioning","Clear","Rear End","Non-Related","Other Vehicle","Not Applicable","Not Applicable","East Of","","True","True","49664","DEL MAR AV","FRUITDALE AV","37.31068741","-121.9304667"
"695808","CR-0000098873","0","1","0","0","23-272-0121","False","False","51.0","9/29/2023 4:10:00 AM","No Pedestrians Involved","Dry","No Unusual Conditions","Dark - Street Light","Violation Driver 1","No Controls Present/Factor","Clear","Vehicle/Bike","Non-Related","Bike","Not Applicable","Not Applicable","West Of","E.SCOOTER","False","True","123441","HILLSDALE AV","MOUNTAIN SPRINGS DR","37.2804411","-121.8610129"
"690939","CR-0000097108","3","0","0","0","23-049-0695","False","False","99.0","2/18/2023 6:42:00 PM","No Pedestrians Involved","Dry","No Unusual Conditions","Dark - Street Light","Violation Driver 1","Controls Functioning","Clear","Rear End","Non-Related","Other Vehicle","Not Applicable","Not Applicable","West Of","","True","True","4652","ALMADEN EX","CHERRY AV/CHYNOWETH AV","37.25905821","-121.8762331"
"699445","CR-0000100768","0","0","0","0","23-206-0767","False","False","0.0","7/25/2023 6:03:00 PM","No Pedestrians Involved","Dry","No Unusual Conditions","Daylight","Violation Driver 1","No Controls Present/Factor","Clear","Sideswipe","Intersection","Other Vehicle","Not Applicable","Not Applicable","At","","False","True","76230","JACKSON AV","STORY RD","37.34698603","-121.8326472"
"699106","CR-0000100422","0","0","0","0","23-170-0775","False","False","75.0","6/19/2023 7:00:00 PM","No Pedestrians Involved","Dry","No Unusual Conditions","Dusk - Dawn","Violation Driver 1","Controls Functioning","Clear","Rear End","Non-Related","Other Vehicle","Not Applicable","Not Applicable","North Of","","True","True","76230","JACKSON AV","STORY RD","37.34698603","-121.8326472"
"694680","CR-0000098714","1","0","0","0","23-218-1015","False","False","0.0","8/6/2023 11:38:00 PM","No Pedestrians Involved","Dry","No Unusual Conditions","Dark - Street Light","Violation Driver 1","Controls Functioning","Clear","Sideswipe","Intersection","Other Vehicle","Not Applicable","Not Applicable","At","","True","True","76230","JACKSON AV","STORY RD","37.34698603","-121.8326472"
"696565","CR-0000099762","1","0","0","0","23-331-0762","False","False","0.0","7/20/2023 7:30:00 AM","Crossing In Crosswalk - At Intersection","Dry","No Unusual Conditions","Daylight","Violation Driver 1","Controls Functioning","Unknown","Vehicle/Pedestrian","Intersection","Pedestrian","East","West","At","PED","False","True","76230","JACKSON AV","STORY RD","37.34698603","-121.8326472"
"696100","CR-0000099238","0","0","0","0","23-238-1033","False","False","210.0","8/26/2023 11:35:00 PM","No Pedestrians Involved","Dry","No Unusual Conditions","Dark - Street Light","Violation Driver 1","No Controls Present/Factor","Clear","Overturned","Non-Related","Other Vehicle","Not Applicable","Not Applicable","South Of","","False","True","1946","ADRIAN WY","AMADOR DR","37.34528059","-121.8334907"
"696167","CR-0000099310","0","0","0","0","23-094-0364","False","False","93.0","4/4/2023 10:10:00 AM","No Pedestrians Involved","Dry","No Unusual Conditions","Daylight","Violation Driver 1","No Controls Present/Factor","Clear","Sideswipe","Non-Related","Parked Vehicle","Not Applicable","Not Applicable","North Of","","True","True","1979","ADRIAN WY","NEWTON AV","37.34337348","-121.8316343"
"691183","CR-0000097385","0","0","0","0","23-055-0701","False","False","123.0","2/24/2023 6:20:00 PM","No Pedestrians Involved","Dry","No Unusual Conditions","Daylight","Violation Driver 1","No Controls Present/Factor","Clear","Sideswipe","Non-Related","Other Vehicle","Not Applicable","Not Applicable","South Of","","True","True","32328","CAPITOL AV","FLORENCE AV","37.35958678","-121.8330629"
"711593","CR-0000101285","0","0","0","0","23-223-0972","False","False","48.0","8/11/2023 10:55:00 PM","No Pedestrians Involved","Dry","No Unusual Conditions","Daylight","Violation Driver 1","Controls Functioning","Clear","Rear End","Related","Parked Vehicle","Not Applicable","Not Applicable","North Of","","True","True","36343","CHALET AV","LITTLEWOOD LN","37.37135319","-121.8338331"
"712053","CR-0000101013","0","0","0","0","23-249-0172","False","False","0.0","9/6/2023 8:09:00 AM","No Pedestrians Involved","Dry","No Unusual Conditions","Daylight","Violation Driver 1","No Controls Present/Factor","Clear","Sideswipe","Intersection","Other Vehicle","Not Applicable","Not Applicable","At","","False","True","62699","FOURTEENTH ST","HEDDING ST","37.35972973","-121.8900062"
"712090","CR-0000101405","0","0","0","0","23-320-0583","False","False","160.0","11/16/2023 4:20:00 PM","No Pedestrians Involved","Dry","No Unusual Conditions","Daylight","Violation Driver 1","Controls Functioning","Cloudy","Rear End","Non-Related","Other Vehicle","Not Applicable","Not Applicable","South Of","","False","True","75789","ISABEL DR/MINNESOTA AV","MERIDIAN AV","37.30093098","-121.9136105"
"716021","CR-0000101935","0","0","0","0","23-226-0477","False","False","26.0","8/14/2023 12:46:00 PM","No Pedestrians Involved","Dry","No Unusual Conditions","Daylight","Violation Driver 1","No Controls Present/Factor","Clear","Head On","Related","Parked Vehicle","Not Applicable","Not Applicable","West Of","","False","True","19030","BLACKFORD LN","MERIDIAN AV","37.29811291","-121.9135697"
"712160","CR-0000101004","0","5","0","0","23-259-0272","False","False","51.0","9/15/2023 9:31:00 AM","No Pedestrians Involved","Dry","No Unusual Conditions","Dark - No Street Light","Violation Driver 1","Controls Functioning","Clear","Hit Object","Non-Related","Fixed Object","Not Applicable","Not Applicable","Unknown","CURB","True","True","12154","BAILEY AV","SANTA TERESA BL","37.20112869","-121.7364039"
"698689","CR-0000099937","2","0","0","0","23-127-0187","False","False","0.0","5/7/2023 6:46:00 AM","No Pedestrians Involved","Dry","No Unusual Conditions","Unknown","Violation Driver 1","Controls Functioning","Clear","Rear End","Intersection","Other Vehicle","Not Applicable","Not Applicable","At","","False","True","6005","ALUM ROCK AV","EASTGATE AV","37.35364642","-121.8537828"
"699164","CR-0000100483","0","0","0","0","23-166-0729","False","False","0.0","6/15/2023 5:43:00 PM","No Pedestrians Involved","Dry","No Unusual Conditions","Daylight","Unknown","Controls Functioning","Clear","Sideswipe","Intersection","Motorcycle","Not Applicable","Not Applicable","At","","False","True","41524","COLEMAN AV","TAYLOR ST","37.34235641","-121.9109126"
"712157","CR-0000101442","0","0","0","0","23-364-0050","False","False","0.0","12/30/2023 1:00:00 AM","No Pedestrians Involved","Wet","No Unusual Conditions","Dark - Street Light","Violation Driver 1","Controls Functioning","Clear","Rear End","Intersection","Other Vehicle","Not Applicable","Not Applicable","At","","False","True","41524","COLEMAN AV","TAYLOR ST","37.34235641","-121.9109126"