"CrashFactId","Name","MinorInjuries","ModerateInjuries","SevereInjuries","FatalInjuries","TcrNumber","CityDamageFlag","ShortFormFlag","Distance","CrashDateTime","PedestrianAction","RoadwaySurface","RoadwayCondition","Lighting","PrimaryCollisionFactor","TrafficControl","Weather","CollisionType","ProximityToIntersection","VehicleInvolvedWith","PedestrianDirectionFrom","PedestrianDirectionTo","DirectionFromIntersection","Comment","SpeedingFlag","HitAndRunFlag","IntersectionNumber","AStreetName","BStreetName","Latitude","Longitude"
"711957","CR-0000101002","0","0","0","0","23-271-0565","False","False","0.0","9/28/2023 3:35:00 PM","No Pedestrians Involved","Unknown","No Unusual Conditions","Daylight","Bike At Fault","No Controls Present/Factor","Clear","Vehicle/Bike","Intersection","Bike","Not Applicable","Not Applicable","At","BIKE","False","True","9503","ASBURY ST","COLEMAN AV","37.34328169","-121.9119297"
"696324","CR-0000099480","0","1","0","0","23-300-0956","False","False","0.0","10/27/2023 11:04:00 PM","No Pedestrians Involved","Dry","No Unusual Conditions","Dark - Street Light","Violation Driver 1","No Controls Present/Factor","Clear","Head On","Intersection","Other Vehicle","Not Applicable","Not Applicable","At","","False","True","107183","SANTA CLARA ST","TWENTIETH ST","37.34519082","-121.87157"
"697582","CR-0000099794","0","1","0","0","23-246-0461","False","False","0.0","9/3/2023 2:25:00 PM","No Pedestrians Involved","Dry","No Unusual Conditions","Daylight","Violation Driver 1","Controls Not Functioning","Clear","Vehicle/Bike","Intersection","Scooter Motorized","Not Applicable","Not Applicable","At","M.SCOOTER","False","True","88362","MARTHA ST","SEVENTH ST","37.32564264","-121.8740988"
"695785","CR-0000098850","1","0","0","0","23-263-0959","False","False","0.0","9/20/2023 11:27:00 PM","No Pedestrians Involved","Dry","No Unusual Conditions","Dark - Street Light","Violation Driver 1","No Controls Present/Factor","Clear","Broadside","Intersection","Other Vehicle","Not Applicable","Not Applicable","At","","False","True","59619","FIFTEENTH ST","HEDDING ST","37.36017476","-121.8890745"
"696439","CR-0000099616","0","0","0","0","23-114-0202","False","False","0.0","4/24/2023 8:21:00 AM","No Pedestrians Involved","Dry","No Unusual Conditions","Daylight","Violation Driver 1","Unknown","Clear","Broadside","Intersection","Other Vehicle","Not Applicable","Not Applicable","At","","False","True","59730","FIFTEENTH ST","TAYLOR ST","37.35588825","-121.8858818"
"711750","CR-0000101340","0","0","0","0","23-341-0415","False","False","512.0","12/7/2023 11:50:00 AM","No Pedestrians Involved","Dry","No Unusual Conditions","Daylight","Violation Driver 1","No Controls Present/Factor","Clear","Head On","Non-Related","Other Vehicle","Not Applicable","Not Applicable","West Of","","True","True","13705","BASCOM AV","BORELLO DR","37.29810521","-121.9316777"
"696018","CR-0000099153","0","0","0","0","23-195-0768","False","False","109.0","7/14/2023 7:23:00 PM","No Pedestrians Involved","Dry","No Unusual Conditions","Daylight","Violation Driver 1","No Controls Present/Factor","Clear","Rear End","Non-Related","Parked Vehicle","Not Applicable","Not Applicable","East Of","","True","True","14101","BASCOM AV","SOUTHWEST EX","37.2977829","-121.9316614"
"694273","CR-0000098136","2","0","0","0","23-129-0760","False","False","100.0","5/9/2023 6:08:00 PM","No Pedestrians Involved","Dry","No Unusual Conditions","Daylight","Violation Driver 1","No Controls Present/Factor","Clear","Head On","Non-Related","Other Vehicle","Not Applicable","Not Applicable","North Of","","False","True","72060","HENSLEY ST","THIRD ST","37.34466889","-121.8940497"
"694176","CR-0000098092","0","1","0","0","23-111-0774","False","False","0.0","4/21/2023 6:00:00 PM","In Road - Includes Shoulder","Dry","No Unusual Conditions","Daylight","Violation Driver 1","Controls Functioning","Clear","Vehicle/Pedestrian","Intersection","Pedestrian","South","North","At","PED","True","True","40677","CLOVER OAK DR","KLEIN RD","37.33555716","-121.7804217"
"699184","CR-0000100504","0","0","0","0","23-180-0005","False","False","29.0","6/29/2023 12:03:00 AM","No Pedestrians Involved","Dry","No Unusual Conditions","Dark - Street Light","Violation Driver 1","No Controls Present/Factor","Clear","Sideswipe","Related","Parked Vehicle","Not Applicable","Not Applicable","North Of","","True","True","84083","LINCOLN AV","ROYCOTT WY","37.29481075","-121.8911579"
"690935","CR-0000097102","3","0","0","0","23-043-0701","False","False","0.0","2/12/2023 8:56:00 PM","No Pedestrians Involved","Dry","No Unusual Conditions","Dark - Street Light","Violation Driver 1","Controls Functioning","Clear","Head On","Intersection","Other Vehicle","Not Applicable","Not Applicable","At","","True","True","60576","FIRST ST","SAN FERNANDO ST","37.33431142","-121.8891978"
"695815","CR-0000098880","0","1","0","0","23-263-0608","False","False","0.0","9/20/2023 4:14:00 PM","No Pedestrians Involved","Dry","No Unusual Conditions","Daylight","Violation Driver 1","Controls Functioning","Clear","Head On","Intersection","Other Vehicle","Not Applicable","Not Applicable","At","","False","True","10471","AUZERAIS AV","BARACK OBAMA BL/BIRD AV","37.32329561","-121.8992588"
"694258","CR-0000097983","0","0","0","0","23-076-0846","False","False","323.0","3/17/2023 8:45:00 PM","No Pedestrians Involved","Dry","No Unusual Conditions","Dark - Street Light","Violation Driver 1","No Controls Present/Factor","Clear","Sideswipe","Non-Related","Parked Vehicle","Not Applicable","Not Applicable","North Of","","False","True","21614","BONBON DR","PEPPERMINT DR","37.33104269","-121.7958746"
"699109","CR-0000100425","0","0","0","0","23-169-1006","False","False","558.0","6/18/2023 11:40:00 PM","No Pedestrians Involved","Unknown","Unknown","Dark - Street Light","Violation Driver 1","No Controls Present/Factor","Clear","Rear End","Non-Related","Other Vehicle","Not Applicable","Not Applicable","East Of","","True","True","6137","ALUM ROCK AV","PLEASANTRIDGE AV","37.36359592","-121.8327556"
"712187","CR-0000101618","0","0","0","0","23-288-0955","False","False","0.0","10/15/2023 10:50:00 PM","No Pedestrians Involved","Dry","No Unusual Conditions","Dark - Street Light","Violation Driver 1","Unknown","Clear","Broadside","Intersection","Other Vehicle","Not Applicable","Not Applicable","At","","False","True","6137","ALUM ROCK AV","PLEASANTRIDGE AV","37.36359592","-121.8327556"
"699387","CR-0000100714","1","0","0","0","23-327-0573","False","False","0.0","11/23/2023 7:58:00 PM","No Pedestrians Involved","Dry","No Unusual Conditions","Daylight","Violation Driver 1","Controls Functioning","Clear","Rear End","Intersection","Other Vehicle","Not Applicable","Not Applicable","East Of","","False","True","5972","ALUM ROCK AV","CAPITOL AV","37.36236811","-121.8353491"
"699062","CR-0000100368","1","0","0","0","23-341-0345","False","False","0.0","12/7/2023 10:56:00 AM","No Pedestrians Involved","Wet","No Unusual Conditions","Daylight","Unknown","Controls Functioning","Rain","Broadside","Intersection","Other Vehicle","Not Applicable","Not Applicable","At","","False","True","5972","ALUM ROCK AV","CAPITOL AV","37.36236811","-121.8353491"
"690629","CR-0000096751","0","0","0","0","23-002-0117","False","False","18.0","1/23/2023 3:13:00 AM","No Pedestrians Involved","Dry","Unknown","Unknown","Violation Driver 1","Controls Functioning","Clear","Rear End","Related","Other Vehicle","Not Applicable","Not Applicable","North Of","","True","True","5972","ALUM ROCK AV","CAPITOL AV","37.36236811","-121.8353491"
"696237","CR-0000099383","0","0","0","0","23-121-0602","False","False","51.0","5/1/2023 3:55:00 PM","No Pedestrians Involved","Dry","No Unusual Conditions","Daylight","Violation Driver 1","No Controls Present/Factor","Cloudy","Sideswipe","Non-Related","Other Vehicle","Not Applicable","Not Applicable","Unknown","","False","True","84490","LIVE OAK AV","MONTEREY RD","37.1674373","-121.6888377"
"696558","CR-0000099755","1","1","0","0","23-362-0567","False","False","265.0","12/28/2023 3:34:00 PM","No Pedestrians Involved","Dry","No Unusual Conditions","Daylight","Violation Driver 1","No Controls Present/Factor","Cloudy","Rear End","Non-Related","Other Vehicle","Not Applicable","Not Applicable","North Of","","True","True","84490","LIVE OAK AV","MONTEREY RD","37.1674373","-121.6888377"
"690897","CR-0000097041","0","1","0","0","23-041-0240","False","False","0.0","1/10/2023 8:58:00 AM","No Pedestrians Involved","Dry","No Unusual Conditions","Daylight","Violation Driver 1","Controls Functioning","Clear","Broadside","Intersection","Other Vehicle","Not Applicable","Not Applicable","At","","False","True","78121","JUNIPERO SERRA FR","SARATOGA AV","37.31672049","-121.9753335"
"699450","CR-0000100780","0","0","0","0","23-196-0112","False","False","51.0","7/15/2023 2:25:00 AM","No Pedestrians Involved","Dry","No Unusual Conditions","Dark - Street Light","Violation Driver 1","No Controls Present/Factor","Clear","Rear End","Non-Related","Parked Vehicle","Not Applicable","Not Applicable","West Of","","True","True","137763","COLEMAN AV","NEWHALL DR","37.35181615","-121.9227965"
"711555","CR-0000101296","0","0","0","0","23-236-0169","False","False","43.0","8/24/2023 7:12:00 AM","No Pedestrians Involved","Dry","No Unusual Conditions","Daylight","Violation Driver 1","Controls Functioning","Clear","Rear End","Related","Other Vehicle","Not Applicable","Not Applicable","South Of","","True","True","79188","KIELY BL","SARATOGA AV","37.32015115","-121.9724316"
"699134","CR-0000100450","0","0","0","0","23-163-0165","False","False","154.0","6/12/2023 8:04:00 AM","No Pedestrians Involved","Dry","No Unusual Conditions","Dusk - Dawn","Violation Driver 1","Controls Functioning","Clear","Rear End","Non-Related","Other Vehicle","Not Applicable","Not Applicable","East Of","","True","True","79188","KIELY BL","SARATOGA AV","37.32015115","-121.9724316"
"715901","CR-0000101861","0","0","0","0","23-144-4005","False","True","0.0","5/21/2023 5:30:00 PM","No Pedestrians Involved","Unknown","Unknown","Unknown","Unknown","Unknown","Unknown","Sideswipe","Intersection","Other Vehicle","Not Applicable","Not Applicable","At","","False","True","95787","NIMITZ FR","STEVENS CREEK BL","37.32332803","-121.9383731"
"699406","CR-0000100738","0","0","0","0","23-141-0346","False","False","233.0","5/21/2023 10:47:00 AM","No Pedestrians Involved","Dry","No Unusual Conditions","Daylight","Violation Driver 1","No Controls Present/Factor","Clear","Rear End","Non-Related","Other Vehicle","Not Applicable","Not Applicable","North Of","","False","True","71830","HELLYER AV/SEBASIAN WY","SENTER RD","37.28444696","-121.8249466"
"691336","CR-0000097583","0","0","1","0","23-075-0314","False","False","0.0","3/16/2023 8:00:00 AM","Crossing In Crosswalk - At Intersection","Dry","No Unusual Conditions","Daylight","Violation Driver 1","No Controls Present/Factor","Clear","Vehicle/Pedestrian","Intersection","Pedestrian","South","North","At","PED","False","True","40479","CLIFTON AV","GENEVIEVE LN","37.30699041","-121.9423967"
"699470","CR-0000100766","0","0","0","0","23-189-0043","False","False","419.0","7/8/2023 12:05:00 AM","No Pedestrians Involved","Dry","No Unusual Conditions","Dark - Street Light","Violation Driver 1","No Controls Present/Factor","Clear","Broadside","Non-Related","Parked Vehicle","Not Applicable","Not Applicable","North Of","","True","True","10010","ATHERTON AV","HAMILTON AV","37.29242737","-121.9846383"
"695989","CR-0000099124","0","0","0","0","23-216-0369","False","False","210.0","8/4/2023 12:20:00 PM","No Pedestrians Involved","Dry","No Unusual Conditions","Daylight","Violation Driver 1","No Controls Present/Factor","Clear","Sideswipe","Non-Related","Other Vehicle","Not Applicable","Not Applicable","East Of","","False","True","53965","EDEN AV","LOMA VERDE DR","37.29879495","-121.9544606"
"690838","CR-0000096977","0","0","0","0","23-009-0654","False","False","285.0","1/9/2023 12:00:00 PM","No Pedestrians Involved","Wet","No Unusual Conditions","Daylight","Violation Driver 1","Controls Functioning","Cloudy","Sideswipe","Non-Related","Parked Vehicle","Not Applicable","Not Applicable","West Of","","False","True","121252","HAMILTON AV","HURST AV","37.29440057","-121.9180737"
"712029","CR-0000101075","0","0","0","0","23-295-0120","False","False","253.0","10/22/2023 8:49:00 PM","No Pedestrians Involved","Dry","No Unusual Conditions","Dark - Street Light","Violation Driver 2","Controls Functioning","Clear","Other","Non-Related","Other Vehicle","Not Applicable","Not Applicable","South Of","","False","True","69750","HAMILTON AV","MERIDIAN AV","37.29444127","-121.9135364"
"696409","CR-0000099585","0","0","0","0","23-151-0852","False","False","125.0","5/31/2023 9:22:00 PM","No Pedestrians Involved","Dry","No Unusual Conditions","Dark - Street Light","Violation Driver 1","Controls Functioning","Clear","Rear End","Non-Related","Other Vehicle","Not Applicable","Not Applicable","East Of","","True","True","69750","HAMILTON AV","MERIDIAN AV","37.29444127","-121.9135364"
"699198","CR-0000100518","0","0","0","0","23-175-0214","False","False","102.0","6/24/2023 7:50:00 AM","No Pedestrians Involved","Dry","No Unusual Conditions","Unknown","Violation Driver 1","No Controls Present/Factor","Clear","Rear End","Non-Related","Parked Vehicle","Not Applicable","Not Applicable","East Of","","False","True","27774","CADIZ DR","CALERO AV","37.24346089","-121.8510948"
"699047","CR-0000100353","1","0","0","0","23-195-0725","False","False","0.0","7/14/2023 6:47:00 PM","No Pedestrians Involved","Dry","No Unusual Conditions","Daylight","Violation Driver 1","No Controls Present/Factor","Clear","Head On","Intersection","Other Vehicle","Not Applicable","Not Applicable","At","","True","True","113420","WESTGROVE LN","WHITE RD","37.31765321","-121.7938213"
"695886","CR-0000099005","0","0","0","0","23-214-0101","False","False","135.0","8/2/2023 3:23:00 AM","No Pedestrians Involved","Dry","No Unusual Conditions","Daylight","Violation Driver 1","No Controls Present/Factor","Clear","Other","Non-Related","Animal","Not Applicable","Not Applicable","East Of","DOG","True","True","88329","MARTEN AV","RUBION DR","37.34939057","-121.7992024"
"692469","CR-0000097757","0","1","0","0","23-073-0943","False","False","0.0","3/14/2023 9:19:00 PM","Crossing In Crosswalk - Not At Intersection","Wet","Unknown","Dark - Street Light","Violation Driver 1","Unknown","Cloudy","Vehicle/Pedestrian","Intersection","Pedestrian","East","West","At","PED","False","True","67891","GRANADA WY","LUCRETIA AV","37.32011026","-121.8475085"
"696132","CR-0000099274","0","0","0","0","23-213-0321","False","False","277.0","8/1/2023 10:00:00 AM","No Pedestrians Involved","Dry","No Unusual Conditions","Daylight","Violation Driver 1","Controls Functioning","Clear","Sideswipe","Non-Related","Parked Vehicle","Not Applicable","Not Applicable","North Of","","False","True","81399","LANAI AV","PENSACOLA DR","37.32506587","-121.8332334"
"694659","CR-0000098692","0","1","0","0","23-229-0327","False","False","380.0","8/17/2023 4:30:00 AM","In Road - Includes Shoulder","Dry","No Unusual Conditions","Dusk - Dawn","Violation Driver 1","No Controls Present/Factor","Clear","Vehicle/Pedestrian","Non-Related","Pedestrian","North","South","North Of","PED","True","True","47992","DAFFODIL WY","WILLIAMS RD","37.30827349","-121.9711354"
"696475","CR-0000099652","0","0","0","0","23-324-0178","False","False","271.0","11/20/2023 6:00:00 AM","No Pedestrians Involved","Dry","No Unusual Conditions","Dark - Street Light","Violation Driver 1","No Controls Present/Factor","Clear","Broadside","Non-Related","Parked Vehicle","Not Applicable","Not Applicable","East Of","","False","True","95138","NEAL AV","WINCHESTER BL","37.31156631","-121.9500663"
"690592","CR-0000096713","0","1","0","0","23-017-0204","False","False","0.0","1/17/2023 8:01:00 AM","Crossing In Crosswalk - At Intersection","Dry","No Unusual Conditions","Daylight","Violation Driver 1","No Controls Present/Factor","Clear","Vehicle/Pedestrian","Intersection","Pedestrian","North","North","At","PED","False","True","55010","EL CAJON DR","EZIE ST","37.28348825","-121.8315882"
"696317","CR-0000099473","0","0","1","0","23-274-0056","False","False","0.0","10/1/2023 1:03:00 AM","Crossing In Crosswalk - At Intersection","Dry","No Unusual Conditions","Dark - Street Light","Violation Driver 1","Controls Functioning","Clear","Vehicle/Pedestrian","Intersection","Pedestrian","South","North","At","PED","True","True","81432","LANAI AV","WAVERLY AV","37.32384389","-121.8322678"
"695816","CR-0000098881","1","0","0","0","23-266-0120","False","False","0.0","9/23/2023 2:30:00 AM","No Pedestrians Involved","Dry","No Unusual Conditions","Dark - Street Light","Violation Driver 1","Controls Functioning","Clear","Rear End","Intersection","Other Vehicle","Not Applicable","Not Applicable","At","","True","True","33032","CAPITOL EX","TULLY RD","37.33124885","-121.8127559"
"690580","CR-0000096701","0","0","0","0","23-010-0407","False","False","0.0","1/10/2023 9:40:00 AM","No Pedestrians Involved","Wet","No Unusual Conditions","Daylight","Violation Driver 1","Controls Not Functioning","Rain","Broadside","Intersection","Other Vehicle","Not Applicable","Not Applicable","At","","True","True","33032","CAPITOL EX","TULLY RD","37.33124885","-121.8127559"
"690940","CR-0000097109","1","0","0","0","23-050-0117","False","False","0.0","2/19/2023 2:40:00 AM","No Pedestrians Involved","Dry","No Unusual Conditions","Dark - Street Light","Violation Driver 1","Controls Functioning","Clear","Broadside","Intersection","Other Vehicle","Not Applicable","Not Applicable","At","","False","True","33032","CAPITOL EX","TULLY RD","37.33124885","-121.8127559"
"691324","CR-0000097571","0","0","0","0","23-010-0400","False","False","0.0","1/10/2023 10:29:00 AM","No Pedestrians Involved","Wet","Unknown","Daylight","Violation Driver 1","Controls Not Functioning","Rain","Broadside","Intersection","Motor Vehicle On Other Roadway","Not Applicable","Not Applicable","At","","True","True","33032","CAPITOL EX","TULLY RD","37.33124885","-121.8127559"
"692525","CR-0000097815","1","0","0","0","23-101-0415","False","False","0.0","4/11/2023 12:00:00 PM","No Pedestrians Involved","Dry","No Unusual Conditions","Daylight","Violation Driver 1","Controls Functioning","Clear","Rear End","Intersection","Other Vehicle","Not Applicable","Not Applicable","At","","False","True","33032","CAPITOL EX","TULLY RD","37.33124885","-121.8127559"
"696446","CR-0000099623","0","0","0","0","23-110-0989","False","False","420.0","4/20/2023 11:10:00 PM","No Pedestrians Involved","Dry","No Unusual Conditions","Dusk - Dawn","Violation Driver 1","No Controls Present/Factor","Clear","Sideswipe","Non-Related","Parked Vehicle","Not Applicable","Not Applicable","East Of","","False","True","16092","BELLEROSE DR","FOREST AV","37.32708069","-121.9360138"
"692447","CR-0000097732","0","0","0","0","23-083-0876","False","False","99.0","3/24/2023 9:09:00 PM","No Pedestrians Involved","Dry","No Unusual Conditions","Dark - Street Light","Violation Driver 1","No Controls Present/Factor","Clear","Head On","Non-Related","Parked Vehicle","Not Applicable","Not Applicable","South Of","","True","True","69222","GUMDROP DR","PEANUT BRITTLE DR","37.33021499","-121.7944207"
"691000","CR-0000097170","0","0","0","0","23-036-0788","False","False","40.0","2/5/2023 9:20:00 PM","No Pedestrians Involved","Dry","No Unusual Conditions","Dark - Street Light","Violation Driver 1","No Controls Present/Factor","Clear","Hit Object","Related","Fixed Object","Not Applicable","Not Applicable","West Of","","True","True","9294","ARQUEADO DR/PEANUT BRITTLE DR","FLINT AV","37.331104","-121.7895946"
"690705","CR-0000096842","0","0","0","0","23-014-0057","True","False","184.0","1/14/2023 1:09:00 AM","No Pedestrians Involved","Wet","No Unusual Conditions","Dark - Street Light","Violation Driver 1","Controls Functioning","Rain","Hit Object","Non-Related","Fixed Object","Not Applicable","Not Applicable","South Of","SIGN","False","True","30590","CAMDEN AV","MERRILL LP","37.24195658","-121.9051294"
"698733","CR-0000099983","1","0","1","0","23-262-0773","True","False","48.0","9/19/2023 6:03:00 PM","Crossing In Crosswalk - At Intersection","Dry","No Unusual Conditions","Daylight","Violation Driver 1","No Controls Present/Factor","Clear","Vehicle/Pedestrian","Related","Pedestrian","Unknown","Unknown","West Of","PED/LIGHT POLE","True","True","70399","HARLISS AV","VIRGINIA ST","37.32022376","-121.8885795"
"715867","CR-0000101949","0","0","0","0","23-225-0697","False","False","51.0","8/13/2023 6:35:00 PM","No Pedestrians Involved","Dry","Unknown","Daylight","Violation Driver 1","Controls Functioning","Clear","Rear End","Non-Related","Other Vehicle","Not Applicable","Not Applicable","North Of","","True","True","53547","EAST HILLS DR","WHITE RD","37.36224773","-121.8247268"
"692457","CR-0000097744","0","0","0","0","23-084-0550","False","False","60.0","3/25/2023 5:03:00 PM","No Pedestrians Involved","Dry","No Unusual Conditions","Daylight","Violation Driver 1","Controls Functioning","Clear","Rear End","Non-Related","Other Vehicle","Not Applicable","Not Applicable","South Of","","False","True","53547","EAST HILLS DR","WHITE RD","37.36224773","-121.8247268"
"691007","CR-0000097178","0","0","0","0","23-059-0204","False","False","60.0","2/28/2023 8:30:00 AM","No Pedestrians Involved","Wet","No Unusual Conditions","Daylight","Violation Driver 1","No Controls Present/Factor","Rain","Rear End","Non-Related","Parked Vehicle","Not Applicable","Not Applicable","South Of","","True","True","24584","BRENTON AV","COUNTRY LN","37.29854367","-121.9921259"
"699130","CR-0000100446","0","0","0","0","23-147-0063","False","False","380.0","6/23/2023 1:26:00 AM","No Pedestrians Involved","Dry","No Unusual Conditions","Dark - Street Light","Unknown","No Controls Present/Factor","Clear","Rear End","Non-Related","Other Vehicle","Not Applicable","Not Applicable","West Of","","False","True","64382","GALLANT FOX AV","WHIRLAWAY DR","37.26369933","-121.8067246"
"695802","CR-0000098867","1","0","0","0","23-258-0757","False","False","100.0","9/15/2023 6:42:00 PM","No Pedestrians Involved","Dry","No Unusual Conditions","Daylight","Violation Driver 1","Controls Functioning","Clear","Rear End","Non-Related","Other Vehicle","Not Applicable","Not Applicable","North Of","","True","True","20272","BLOSSOM HILL RD","MONTEREY RD","37.25627054","-121.8034319"
"699455","CR-0000100779","0","0","0","0","23-197-0704","False","False","0.0","7/16/2023 6:30:00 PM","No Pedestrians Involved","Dry","No Unusual Conditions","Daylight","Violation Driver 1","Unknown","Clear","Rear End","Intersection","Other Vehicle","Not Applicable","Not Applicable","At","","True","True","20272","BLOSSOM HILL RD","MONTEREY RD","37.25627054","-121.8034319"
"712026","CR-0000101339","0","0","0","0","23-342-1146","False","False","0.0","12/8/2023 11:48:00 PM","No Pedestrians Involved","Dry","No Unusual Conditions","Dark - Street Light","Violation Driver 1","Controls Functioning","Clear","Rear End","Intersection","Other Vehicle","Not Applicable","Not Applicable","At","","False","True","20272","BLOSSOM HILL RD","MONTEREY RD","37.25627054","-121.8034319"
"692507","CR-0000097796","0","0","0","0","23-075-0725","False","False","500.0","3/16/2023 6:05:00 PM","No Pedestrians Involved","Dry","No Unusual Conditions","Daylight","Violation Driver 1","Controls Functioning","Clear","Sideswipe","Non-Related","Other Vehicle","Not Applicable","Not Applicable","North Of","","False","True","54273","EDENVIEW DR","MONTEREY RD","37.26227714","-121.813465"
"690900","CR-0000097045","1","0","0","0","23-045-0714","False","False","0.0","2/14/2023 6:45:00 PM","No Pedestrians Involved","Dry","No Unusual Conditions","Dark - Street Light","Violation Driver 1","Controls Functioning","Clear","Rear End","Intersection","Other Vehicle","Not Applicable","Not Applicable","At","","True","True","39126","CHYNOWETH AV/ROEDER RD","MONTEREY RD","37.260264","-121.8101455"
"690733","CR-0000096870","1","0","0","0","23-044-0591","False","False","0.0","2/13/2023 4:18:00 PM","No Pedestrians Involved","Dry","No Unusual Conditions","Daylight","Violation Driver 1","Controls Functioning","Clear","Broadside","Intersection","Other Vehicle","Not Applicable","Not Applicable","At","","False","True","39126","CHYNOWETH AV/ROEDER RD","MONTEREY RD","37.260264","-121.8101455"
"692495","CR-0000097783","0","0","0","0","23-075-0351","False","False","106.0","3/15/2023 10:30:00 AM","No Pedestrians Involved","Dry","No Unusual Conditions","Dusk - Dawn","Violation Driver 1","No Controls Present/Factor","Clear","Sideswipe","Non-Related","Parked Vehicle","Not Applicable","Not Applicable","West Of","","False","True","51644","DONNA LN","ROSS AV","37.26240212","-121.9159399"
"698895","CR-0000100193","0","1","0","0","23-326-0792","False","False","51.0","11/22/2023 7:24:00 PM","In Road - Includes Shoulder","Dry","No Unusual Conditions","Dark - Street Light","Unknown","Unknown","Clear","Vehicle/Pedestrian","Non-Related","Pedestrian","West","East","East Of","PED","False","True","143997","CABANA DR","HURST AV","37.28763571","-121.918029"
"698758","CR-0000100039","0","0","0","0","23-362-0059","False","False","35.0","12/28/2023 2:00:00 AM","No Pedestrians Involved","Wet","No Unusual Conditions","Dark - Street Light","Violation Driver 1","No Controls Present/Factor","Clear","Sideswipe","Related","Parked Vehicle","Not Applicable","Not Applicable","South Of","","True","True","82455","LAVONA DR","RUSSO DR","37.25079154","-121.879938"
"711679","CR-0000100825","0","0","0","0","23-184-0157","True","False","46.0","7/3/2023 5:08:00 AM","No Pedestrians Involved","Dry","No Unusual Conditions","Dark - Street Light","Violation Driver 1","Controls Functioning","Clear","Hit Object","Related","Fixed Object","Not Applicable","Not Applicable","West Of","TREE, LIGHTPOLE","False","True","73204","HILLSDALE AV","WOODMONT DR","37.27318371","-121.8867243"
"699101","CR-0000100417","0","0","0","0","23-174-0195","False","False","0.0","6/23/2023 7:01:00 AM","No Pedestrians Involved","Dry","No Unusual Conditions","Daylight","Violation Driver 1","No Controls Present/Factor","Clear","Sideswipe","Intersection","Other Vehicle","Not Applicable","Not Applicable","At","","False","True","52084","DOW DR","HILLSDALE AV","37.27891799","-121.868362"
"715900","CR-0000101864","0","0","0","0","23-140-4002","False","True","50.0","5/20/2023 9:00:00 PM","No Pedestrians Involved","Unknown","Unknown","Unknown","Unknown","Unknown","Unknown","Sideswipe","Related","Other Vehicle","Not Applicable","Not Applicable","East Of","","False","True","19975","BLOSSOM HILL RD","CHAMBERTIN DR/DARTMOUTH DR","37.23918955","-121.8957677"
"696433","CR-0000099610","0","0","0","0","23-111-0886","True","False","0.0","4/21/2023 10:10:00 PM","No Pedestrians Involved","Dry","No Unusual Conditions","Dark - Street Light","Violation Driver 1","Unknown","Clear","Head On","Intersection","Other Vehicle","Not Applicable","Not Applicable","At","","False","True","109340","SINCLAIR FR","TENTH ST","37.32790286","-121.871511"
"690593","CR-0000096714","0","0","1","0","23-029-0149","False","False","180.0","1/29/2023 3:05:00 AM","Not In Road","Dry","No Unusual Conditions","Dark - Street Light","Unknown","No Controls Present/Factor","Clear","Vehicle/Pedestrian","Non-Related","Pedestrian","Unknown","Unknown","North Of","PED","False","True","108393","SEVENTH ST","VIRGINIA ST/I-280 SB","37.32707611","-121.8751722"
"695818","CR-0000098883","0","1","0","0","23-270-0148","False","False","0.0","9/27/2023 6:20:00 AM","No Pedestrians Involved","Dry","No Unusual Conditions","Dusk - Dawn","Violation Driver 1","Controls Functioning","Clear","Vehicle/Bike","Intersection","Scooter Motorized","Not Applicable","Not Applicable","At","E.SCOOTER","True","True","108393","SEVENTH ST","VIRGINIA ST/I-280 SB","37.32707611","-121.8751722"
"699394","CR-0000100723","0","0","0","0","23-189-0375","False","False","0.0","7/8/2023 11:31:00 AM","No Pedestrians Involved","Dry","No Unusual Conditions","Daylight","Violation Driver 1","No Controls Present/Factor","Clear","Broadside","Intersection","Parked Vehicle","Not Applicable","Not Applicable","At","","True","True","21262","BOLADO DR","DEL RIO DR","37.22590816","-121.7809817"