"CrashFactId","Name","MinorInjuries","ModerateInjuries","SevereInjuries","FatalInjuries","TcrNumber","CityDamageFlag","ShortFormFlag","Distance","CrashDateTime","PedestrianAction","RoadwaySurface","RoadwayCondition","Lighting","PrimaryCollisionFactor","TrafficControl","Weather","CollisionType","ProximityToIntersection","VehicleInvolvedWith","PedestrianDirectionFrom","PedestrianDirectionTo","DirectionFromIntersection","Comment","SpeedingFlag","HitAndRunFlag","IntersectionNumber","AStreetName","BStreetName","Latitude","Longitude"
"690864","CR-0000097006","0","0","0","0","23-013-0949","False","False","104.0","1/13/2023 11:59:00 PM","No Pedestrians Involved","Wet","No Unusual Conditions","Dark - Street Light","Violation Driver 1","No Controls Present/Factor","Rain","Sideswipe","Non-Related","Other Vehicle","Not Applicable","Not Applicable","West Of","","False","True","120823","KIPERASH CT","KIPERASH DR","37.38721437","-121.8468573"
"699064","CR-0000100370","1","1","0","0","23-365-0231","False","False","50.0","12/31/2023 8:55:00 AM","No Pedestrians Involved","Dry","No Unusual Conditions","Daylight","Violation Driver 1","No Controls Present/Factor","Clear","Hit Object","Related","Fixed Object","Not Applicable","Not Applicable","South Of","WALL","True","True","107580","SARATOGA AV","OLGA DR/STRAWBERRY PARK DR","37.31067293","-121.9773396"
"690651","CR-0000096773","0","0","0","0","23-028-0141","True","False","372.0","1/28/2023 2:51:00 AM","No Pedestrians Involved","Dry","No Unusual Conditions","Dark - Street Light","Violation Driver 1","Controls Functioning","Clear","Hit Object","Non-Related","Fixed Object","Not Applicable","Not Applicable","North Of","LIGHT POLE","False","True","60532","FIRST ST","RIVER OAKS PW/PL","37.40199199","-121.9394831"
"699203","CR-0000100524","0","0","0","0","23-153-0462","False","False","50.0","6/1/2023 1:40:00 PM","No Pedestrians Involved","Dry","No Unusual Conditions","Daylight","Violation Driver 1","No Controls Present/Factor","Clear","Sideswipe","Related","Other Vehicle","Not Applicable","Not Applicable","North Of","","True","True","90573","MERIDIAN AV","NOREEN DR","37.2619032","-121.9018972"
"715953","CR-0000101734","0","0","0","0","23-224-0812","False","False","160.0","8/12/2023 9:06:00 PM","No Pedestrians Involved","Dry","No Unusual Conditions","Dark - Street Light","Violation Driver 1","Controls Functioning","Clear","Rear End","Non-Related","Other Vehicle","Not Applicable","Not Applicable","West Of","","True","True","70510","HAROLD AV","STEVENS CREEK BL","37.32326237","-121.9621764"
"698880","CR-0000100176","0","1","0","0","23-308-0849","False","False","0.0","11/4/2023 10:19:00 PM","No Pedestrians Involved","Dry","No Unusual Conditions","Dark - Street Light","Violation Driver 1","No Controls Present/Factor","Clear","Broadside","Intersection","Other Vehicle","Not Applicable","Not Applicable","At","","False","True","13309","BARNARD AV","LITTLE ORCHARD ST","37.30755452","-121.8740644"
"711708","CR-0000101319","0","0","0","0","23-337-0186","False","False","39.0","12/3/2023 4:38:00 AM","No Pedestrians Involved","Dry","No Unusual Conditions","Dark - Street Light","Violation Driver 1","No Controls Present/Factor","Clear","Hit Object","Related","Fixed Object","Not Applicable","Not Applicable","South Of","FENCE","True","True","13309","BARNARD AV","LITTLE ORCHARD ST","37.30755452","-121.8740644"
"690646","CR-0000096768","0","0","0","0","23-021-0645","False","False","0.0","1/21/2023 6:53:00 PM","No Pedestrians Involved","Dry","No Unusual Conditions","Dark - Street Light","Violation Driver 1","Controls Functioning","Clear","Broadside","Intersection","Other Vehicle","Not Applicable","Not Applicable","At","","False","True","4245","ALMA AV","VINE ST","37.31281811","-121.8790895"
"690695","CR-0000096830","1","0","0","0","23-029-0364","True","False","0.0","1/29/2023 10:52:00 AM","No Pedestrians Involved","Dry","No Unusual Conditions","Daylight","Violation Driver 1","Controls Obscured","Cloudy","Broadside","Intersection","Other Vehicle","Not Applicable","Not Applicable","At","LIGHT POLE","False","True","4245","ALMA AV","VINE ST","37.31281811","-121.8790895"
"691355","CR-0000097604","1","0","0","0","23-084-0198","False","False","35.0","3/25/2023 8:00:00 AM","No Pedestrians Involved","Dry","No Unusual Conditions","Daylight","Violation Driver 1","Controls Functioning","Clear","Rear End","Related","Motor Vehicle On Other Roadway","Not Applicable","Not Applicable","East Of","","True","True","47431","CURTNER AV","LITTLE ORCHARD ST","37.30002084","-121.8665838"
"698900","CR-0000100199","1","0","0","0","23-326-0155","False","False","0.0","11/22/2023 6:24:00 AM","No Pedestrians Involved","Dry","No Unusual Conditions","Daylight","Violation Driver 1","Controls Functioning","Clear","Sideswipe","Intersection","Other Vehicle","Not Applicable","Not Applicable","At","","True","True","47431","CURTNER AV","LITTLE ORCHARD ST","37.30002084","-121.8665838"
"715955","CR-0000101906","0","0","0","0","23-324-0233","False","False","0.0","11/20/2023 7:55:00 AM","No Pedestrians Involved","Dry","No Unusual Conditions","Daylight","Violation Driver 1","Controls Functioning","Clear","Sideswipe","Intersection","Other Vehicle","Not Applicable","Not Applicable","At","","False","True","47431","CURTNER AV","LITTLE ORCHARD ST","37.30002084","-121.8665838"
"699110","CR-0000100426","0","0","0","0","23-171-0525","False","False","","6/20/2023 1:45:00 PM","No Pedestrians Involved","Dry","No Unusual Conditions","Daylight","Violation Driver 1","Controls Functioning","Clear","Sideswipe","Related","Other Vehicle","Not Applicable","Not Applicable","West Of","","False","True","32537","CAPITOL AV/WONDERAMA DR","OCALA AV","37.34178766","-121.8172427"
"698890","CR-0000100188","1","0","0","0","23-311-0203","False","False","","11/7/2023 8:03:00 AM","No Pedestrians Involved","Dry","No Unusual Conditions","Daylight","Violation Driver 1","Controls Functioning","Clear","Rear End","Related","Other Vehicle","Not Applicable","Not Applicable","South Of","","True","True","31250","CAMPBELL AV","PASEO DE SARATOGA/WESTGATE DW","37.29051448","-121.9906184"
"698678","CR-0000099915","1","0","0","0","23-232-0616","False","False","0.0","8/20/2023 3:30:00 PM","No Pedestrians Involved","Dry","No Unusual Conditions","Daylight","Violation Driver 1","No Controls Present/Factor","Clear","Rear End","Intersection","Other Vehicle","Not Applicable","Not Applicable","At","","False","True","42525","COMPTON LN","DARRYL DR","37.29909065","-121.9646182"
"696034","CR-0000099169","0","0","0","0","23-204-0965","False","False","132.0","7/23/2023 9:16:00 PM","No Pedestrians Involved","Dry","No Unusual Conditions","Dark - Street Light","Violation Driver 1","No Controls Present/Factor","Clear","Broadside","Non-Related","Parked Vehicle","Not Applicable","Not Applicable","South Of","","False","True","4443","ALMADEN AV/TERRAINE ST","ST JOHN ST","37.33649594","-121.8953544"
"690712","CR-0000096849","0","0","0","0","23-024-0123","False","False","70.0","1/24/2023 6:02:00 AM","No Pedestrians Involved","Dry","No Unusual Conditions","Dark - Street Light","Violation Driver 1","No Controls Present/Factor","Clear","Rear End","Non-Related","Parked Vehicle","Not Applicable","Not Applicable","North Of","","False","True","54581","EDWARDS AV","FIRST ST","37.32186385","-121.8794499"
"712221","CR-0000101664","0","0","0","0","23-253-0297","True","False","109.0","9/10/2023 8:37:00 AM","No Pedestrians Involved","Dry","No Unusual Conditions","Daylight","Unknown","No Controls Present/Factor","Clear","Hit Object","Non-Related","Fixed Object","Not Applicable","Not Applicable","South Of","TREE","False","True","54581","EDWARDS AV","FIRST ST","37.32186385","-121.8794499"
"712197","CR-0000101628","0","0","0","0","23-304-0848","False","False","32.0","10/31/2023 9:43:00 PM","No Pedestrians Involved","Dry","No Unusual Conditions","Dark - Street Light","Violation Driver 1","Controls Functioning","Clear","Rear End","Related","Other Vehicle","Not Applicable","Not Applicable","South Of","","False","True","4487","ALMADEN AV","VIRGINIA ST","37.32211824","-121.8845866"
"712212","CR-0000101646","1","0","0","0","23-258-0778","False","False","0.0","9/15/2023 6:58:00 PM","No Pedestrians Involved","Dry","No Unusual Conditions","Dark - Street Light","Violation Driver 1","Controls Functioning","Clear","Sideswipe","Intersection","Other Vehicle","Not Applicable","Not Applicable","At","","True","True","79133","KEYES ST","THIRD ST","37.32073941","-121.8762261"
"698949","CR-0000100251","1","0","0","0","23-328-0249","False","False","177.0","11/24/2023 10:11:00 AM","No Pedestrians Involved","Dry","No Unusual Conditions","Daylight","Violation Driver 1","No Controls Present/Factor","Clear","Rear End","Non-Related","Other Vehicle","Not Applicable","Not Applicable","South Of","","True","True","79089","KEYES ST","SECOND ST","37.32023184","-121.8772708"
"695840","CR-0000098905","0","0","0","0","23-091-0822","False","False","0.0","4/1/2023 10:13:00 PM","No Pedestrians Involved","Dry","No Unusual Conditions","Dark - Street Light","Violation Driver 1","No Controls Present/Factor","Clear","Rear End","Intersection","Other Vehicle","Not Applicable","Not Applicable","At","","False","True","60720","FIRST ST","WILLOW ST","37.32101475","-121.8786067"
"699409","CR-0000100742","0","0","0","0","23-195-0204","False","False","132.0","7/14/2023 7:00:00 AM","No Pedestrians Involved","Dry","No Unusual Conditions","Dusk - Dawn","Violation Driver 1","No Controls Present/Factor","Clear","Hit Object","Non-Related","Fixed Object","Not Applicable","Not Applicable","East Of","Telephone Pole","True","True","84380","LITTLE ORCHARD ST","SAN JOSE AV","37.30979442","-121.874351"
"699129","CR-0000100445","0","0","0","0","23-176-0422","False","False","31.0","6/25/2023 2:07:00 PM","No Pedestrians Involved","Dry","No Unusual Conditions","Dark - Street Light","Violation Driver 1","Unknown","Clear","Head On","Related","Parked Vehicle","Not Applicable","Not Applicable","East Of","","False","True","84380","LITTLE ORCHARD ST","SAN JOSE AV","37.30979442","-121.874351"
"690855","CR-0000096996","0","0","0","0","23-017-0374","False","False","210.0","1/17/2023 11:36:00 AM","No Pedestrians Involved","Dry","No Unusual Conditions","Daylight","Violation Driver 1","Controls Not Functioning","Clear","Sideswipe","Non-Related","Parked Vehicle","Not Applicable","Not Applicable","South Of","","True","True","80596","KOCH LN","RICHLAND AV","37.28148659","-121.8860777"
"711883","CR-0000101118","0","0","0","0","23-299-0912","False","False","0.0","10/26/2023 9:10:00 PM","No Pedestrians Involved","Dry","No Unusual Conditions","Dark - Street Light","Violation Driver 1","Controls Functioning","Clear","Rear End","Intersection","Other Vehicle","Not Applicable","Not Applicable","At","","True","True","73006","HILLSDALE AV","KILO AV","37.26575567","-121.9115909"
"696181","CR-0000099325","0","1","0","0","23-124-0183","False","False","447.0","5/2/2023 5:00:00 PM","No Pedestrians Involved","Unknown","No Unusual Conditions","Daylight","Violation Driver 1","No Controls Present/Factor","Unknown","Vehicle/Bike","Non-Related","Bike","Not Applicable","Not Applicable","South Of","BIKE","False","True","126686","ALVISO MILPITAS RD","FIRST ST","37.4178769","-121.9579921"
"715812","CR-0000101799","0","0","0","0","23-133-0764","False","False","0.0","5/13/2023 8:25:00 PM","No Pedestrians Involved","Dry","No Unusual Conditions","Dusk - Dawn","Violation Driver 1","Controls Functioning","Clear","Rear End","Intersection","Other Vehicle","Not Applicable","Not Applicable","At","","True","True","126686","ALVISO MILPITAS RD","FIRST ST","37.4178769","-121.9579921"
"690909","CR-0000097072","0","0","0","0","23-052-0150","False","False","0.0","2/21/2023 7:30:00 AM","No Pedestrians Involved","Dry","No Unusual Conditions","Daylight","Violation Driver 1","No Controls Present/Factor","Clear","Hit Object","Intersection","Fixed Object","Not Applicable","Not Applicable","At","STREET SIGN","False","True","2111","AGUA VISTA DR","HOSTETTER RD","37.39890299","-121.868353"
"711745","CR-0000101087","0","0","0","0","23-237-0917","False","False","110.0","8/25/2023 7:54:00 PM","No Pedestrians Involved","Dry","No Unusual Conditions","Daylight","Violation Driver 1","No Controls Present/Factor","Clear","Rear End","Non-Related","Parked Vehicle","Not Applicable","Not Applicable","South Of","","False","True","130020","ESPIRIT CT","FLICKENGER RD","37.40107062","-121.8809536"
"699094","CR-0000100409","0","0","0","0","23-163-0129","False","False","375.0","6/12/2023 5:11:00 AM","No Pedestrians Involved","Dry","No Unusual Conditions","Dusk - Dawn","Violation Driver 1","Unknown","Clear","Sideswipe","Non-Related","Parked Vehicle","Not Applicable","Not Applicable","South Of","","False","True","12605","BALTIC WY","SENTER RD","37.30542301","-121.8452042"
"698905","CR-0000100205","1","0","0","0","23-314-0573","False","False","0.0","11/10/2023 4:58:00 PM","No Pedestrians Involved","Dry","No Unusual Conditions","Dark - Street Light","Violation Driver 1","Controls Functioning","Clear","Rear End","Intersection","Other Vehicle","Not Applicable","Not Applicable","At","","False","True","12605","BALTIC WY","SENTER RD","37.30542301","-121.8452042"
"711867","CR-0000100832","0","0","0","0","23-195-0218","False","False","0.0","7/2/2023 12:54:00 AM","No Pedestrians Involved","Dry","No Unusual Conditions","Dark - Street Light","Violation Driver 1","No Controls Present/Factor","Cloudy","Rear End","Intersection","Parked Vehicle","Not Applicable","Not Applicable","At","","True","True","27279","BURLWOOD DR","ELDRIDGE DR","37.21099115","-121.8408"
"696486","CR-0000099664","0","0","0","0","23-330-0705","False","False","140.0","11/29/2023 5:36:00 PM","No Pedestrians Involved","Dry","No Unusual Conditions","Dark - Street Light","Violation Driver 1","Controls Functioning","Clear","Sideswipe","Non-Related","Parked Vehicle","Not Applicable","Not Applicable","North Of","","True","True","39600","CIRONE WY","UNION AV","37.26861162","-121.9314899"
"716270","CR-0000102236","1","0","0","0","23-333-0705","False","False","140.0","11/29/2023 5:36:00 PM","No Pedestrians Involved","Dry","No Unusual Conditions","Dark - Street Light","Violation Driver 1","Controls Functioning","Clear","Sideswipe","Non-Related","Parked Vehicle","Not Applicable","Not Applicable","North Of","","True","True","39600","CIRONE WY","UNION AV","37.26861162","-121.9314899"
"691340","CR-0000097587","0","1","0","0","23-077-0164","False","False","0.0","3/18/2023 6:05:00 AM","No Pedestrians Involved","Dry","No Unusual Conditions","Dusk - Dawn","Violation Driver 1","No Controls Present/Factor","Clear","Sideswipe","Intersection","Parked Vehicle","Not Applicable","Not Applicable","At","","False","True","144200","MONTECITO VISTA DR","MONTECITO VISTA WY","37.29035635","-121.8539738"
"699392","CR-0000100720","1","0","0","0","23-328-0530","False","False","32.0","11/14/2023 4:52:00 PM","No Pedestrians Involved","Dry","No Unusual Conditions","Daylight","Violation Driver 1","Controls Functioning","Clear","Vehicle/Bike","Related","Scooter Motorized","Not Applicable","Not Applicable","North Of","E.SCOOTER","False","True","144202","AUTUMN PW","JULIAN ST","37.33598594","-121.9009937"
"715960","CR-0000101737","0","0","0","0","23-243-0196","False","False","155.0","8/31/2023 7:45:00 AM","No Pedestrians Involved","Dry","No Unusual Conditions","Daylight","Violation Driver 1","Unknown","Clear","Rear End","Non-Related","Other Vehicle","Not Applicable","Not Applicable","North Of","","False","True","138214","KING RD","MERCADO DW","37.33882809","-121.8420569"
"698857","CR-0000100140","2","0","0","0","23-328-0791","False","False","","12/14/2023 6:24:00 PM","No Pedestrians Involved","Dry","No Unusual Conditions","Dark - Street Light","Violation Driver 1","Controls Functioning","Clear","Rear End","Related","Other Vehicle","Not Applicable","Not Applicable","South Of","","True","True","32823","CAPITOL EX","SILVER CREEK RD","37.30712981","-121.8108349"
"715919","CR-0000101735","0","0","0","0","23-238-0097","True","False","0.0","8/26/2023 1:16:00 AM","No Pedestrians Involved","Dry","No Unusual Conditions","Dark - Street Light","Violation Driver 1","Controls Functioning","Clear","Hit Object","Intersection","Fixed Object","Not Applicable","Not Applicable","At","TRAFFIC LIGHT POLE","True","True","32823","CAPITOL EX","SILVER CREEK RD","37.30712981","-121.8108349"
"715837","CR-0000101849","0","0","0","0","23-182-4001","False","True","5.0","1/1/2023 10:00:00 AM","No Pedestrians Involved","Unknown","Unknown","Unknown","Unknown","Unknown","Unknown","Other","Related","Parked Vehicle","Not Applicable","Not Applicable","North Of","","False","True","105610","SADDLEWOOD DR","WOODMINSTER DR","37.31366995","-121.8363491"
"695812","CR-0000098877","2","0","0","0","23-246-0698","False","False","136.0","9/3/2023 7:10:00 PM","In Road - Includes Shoulder","Dry","No Unusual Conditions","Daylight","Violation Driver 1","No Controls Present/Factor","Clear","Vehicle/Pedestrian","Non-Related","Pedestrian","South","North","South Of","","False","True","108745","SHERLOCK DR","WOODMINSTER DR","37.31180628","-121.8392372"
"699120","CR-0000100436","0","0","0","0","23-155-0625","False","False","0.0","6/4/2023 5:25:00 PM","No Pedestrians Involved","Dry","No Unusual Conditions","Daylight","Violation Driver 1","No Controls Present/Factor","Clear","Rear End","Intersection","Other Vehicle","Not Applicable","Not Applicable","At","","True","True","11296","AVENIDA DE LAS PALMA","SNELL AV","37.25552763","-121.8308197"
"711714","CR-0000100997","0","0","0","0","23-265-0664","False","False","0.0","9/22/2023 4:49:00 PM","No Pedestrians Involved","Dry","No Unusual Conditions","Daylight","Violation Driver 1","No Controls Present/Factor","Clear","Rear End","Intersection","Other Vehicle","Not Applicable","Not Applicable","At","","True","True","143841","ESTANCIA DR","ZANKER RD","37.41001223","-121.936276"
"691136","CR-0000097332","0","0","0","0","23-034-0123","False","False","0.0","2/3/2023 5:46:00 AM","No Pedestrians Involved","Wet","No Unusual Conditions","Dark - Street Light","Violation Driver 1","No Controls Present/Factor","Rain","Hit Object","Intersection","Fixed Object","Not Applicable","Not Applicable","At","","False","True","136091","DISK DR","GRAND BL","37.43027345","-121.9656999"
"712065","CR-0000101415","0","0","0","0","23-335-0927","False","False","194.0","12/1/2023 9:29:00 PM","No Pedestrians Involved","Dry","No Unusual Conditions","Dark - Street Light","Violation Driver 1","No Controls Present/Factor","Clear","Sideswipe","Non-Related","Other Vehicle","Not Applicable","Not Applicable","South Of","","False","True","200109","WOODSET CT","WOODSET LN","37.35711346","-121.843509"
"696482","CR-0000099660","0","0","0","0","23-324-9703","False","True","0.0","11/20/2023 12:04:00 PM","No Pedestrians Involved","Dry","No Unusual Conditions","Daylight","Unknown","Controls Functioning","Clear","Broadside","Intersection","Other Vehicle","Not Applicable","Not Applicable","At","","False","True","71433","HEDDING ST/BERRYESSA RD","MABURY RD","37.36288921","-121.8858086"
"696110","CR-0000099250","0","0","0","0","23-238-0353","False","False","385.0","8/26/2023 11:00:00 AM","No Pedestrians Involved","Dry","No Unusual Conditions","Daylight","Violation Driver 1","No Controls Present/Factor","Clear","Other","Non-Related","Other Vehicle","Not Applicable","Not Applicable","North Of","","False","True","111000","STORY RD","WHITE RD","37.35614174","-121.8191468"
"695887","CR-0000099006","0","0","0","0","23-214-0704","False","False","0.0","8/2/2023 5:26:00 PM","No Pedestrians Involved","Dry","No Unusual Conditions","Daylight","Violation Driver 1","Unknown","Clear","Rear End","Intersection","Other Vehicle","Not Applicable","Not Applicable","At","","True","True","111000","STORY RD","WHITE RD","37.35614174","-121.8191468"
"715931","CR-0000101900","0","0","0","0","23-317-0187","False","False","0.0","11/13/2023 9:55:00 AM","No Pedestrians Involved","Dry","No Unusual Conditions","Daylight","Violation Driver 1","No Controls Present/Factor","Clear","Rear End","Intersection","Other Vehicle","Not Applicable","Not Applicable","At","","True","True","111000","STORY RD","WHITE RD","37.35614174","-121.8191468"
"711557","CR-0000100829","0","0","0","0","23-182-0174","False","False","283.0","7/3/2023 3:58:00 AM","No Pedestrians Involved","Dry","No Unusual Conditions","Dark - Street Light","Violation Driver 1","Controls Functioning","Clear","Head On","Non-Related","Parked Vehicle","Not Applicable","Not Applicable","North Of","","True","True","119393","GRIFFITH ST","VERNICE AV","37.35564763","-121.8155513"
"711969","CR-0000101541","0","0","0","0","23-343-0061","False","False","116.0","12/9/2023 1:09:00 AM","No Pedestrians Involved","Dry","No Unusual Conditions","Dark - Street Light","Violation Driver 1","No Controls Present/Factor","Clear","Hit Object","Non-Related","Fixed Object","Not Applicable","Not Applicable","South Of","Telephone Pole","True","True","40072","CLAYTON RD","MT MCKINLEY DR","37.35542754","-121.8040279"
"711687","CR-0000101361","0","0","0","0","23-326-0593","False","False","244.0","11/22/2023 5:34:00 PM","No Pedestrians Involved","Dry","No Unusual Conditions","Dark - Street Light","Violation Driver 1","No Controls Present/Factor","Clear","Sideswipe","Non-Related","Other Vehicle","Not Applicable","Not Applicable","South Of","","True","True","111154","SUMMERSIDE DR","WARFIELD WY","37.31557815","-121.843958"
"711776","CR-0000101117","0","0","0","0","23-299-0219","False","False","268.0","10/26/2023 9:29:00 AM","No Pedestrians Involved","Dry","No Unusual Conditions","Daylight","Violation Driver 1","Controls Functioning","Clear","Rear End","Non-Related","Other Vehicle","Not Applicable","Not Applicable","East Of","","False","True","85887","LUCRETIA AV","SUMMERSIDE DR","37.31590691","-121.8433043"
"694264","CR-0000098027","0","0","0","0","23-106-0261","False","False","474.0","4/16/2023 8:53:00 AM","No Pedestrians Involved","Dry","No Unusual Conditions","Daylight","Violation Driver 1","No Controls Present/Factor","Clear","Head On","Non-Related","Parked Vehicle","Not Applicable","Not Applicable","North Of","","False","True","85887","LUCRETIA AV","SUMMERSIDE DR","37.31590691","-121.8433043"
"694255","CR-0000097986","0","0","0","0","23-076-0301","False","False","318.0","3/17/2023 7:03:00 PM","No Pedestrians Involved","Dry","No Unusual Conditions","Daylight","Violation Driver 1","No Controls Present/Factor","Clear","Sideswipe","Non-Related","Parked Vehicle","Not Applicable","Not Applicable","East Of","","True","True","64415","GALVESTON AV","SUMMERSIDE DR","37.31499828","-121.8460737"
"699385","CR-0000100712","0","0","0","0","23-189-0913","False","False","549.0","7/8/2023 9:49:00 PM","No Pedestrians Involved","Dry","No Unusual Conditions","Dusk - Dawn","Violation Driver 1","Unknown","Clear","Sideswipe","Non-Related","Parked Vehicle","Not Applicable","Not Applicable","East Of","","False","True","64437","GALVESTON AV","WARFIELD WY","37.31207262","-121.8427905"
"698797","CR-0000100078","0","1","0","0","23-348-0999","False","False","436.0","12/14/2023 11:16:00 PM","No Pedestrians Involved","Dry","No Unusual Conditions","Dark - Street Light","Violation Driver 1","No Controls Present/Factor","Fog","Vehicle/Bike","Non-Related","Bike","Not Applicable","Not Applicable","West Of","BIKE","False","True","64426","GALVESTON AV","TULLY RD","37.31146929","-121.8423157"
"699038","CR-0000100344","0","1","0","0","23-193-0493","False","False","0.0","7/12/2023 2:02:00 PM","No Pedestrians Involved","Dry","No Unusual Conditions","Daylight","Violation Driver 1","Controls Functioning","Clear","Sideswipe","Intersection","Other Vehicle","Not Applicable","Not Applicable","At","","True","True","64426","GALVESTON AV","TULLY RD","37.31146929","-121.8423157"
"711662","CR-0000101282","0","0","0","0","23-223-9712","False","False","0.0","3/11/2023 12:14:00 PM","No Pedestrians Involved","Dry","No Unusual Conditions","Daylight","Unknown","Controls Functioning","Clear","Broadside","Intersection","Other Vehicle","Not Applicable","Not Applicable","At","","False","True","25959","AIRPORT PW","MATRIX BL/US-101 SB","37.37178437","-121.9198238"
"711899","CR-0000101523","0","0","0","0","23-337-0484","False","False","0.0","12/3/2023 1:41:00 PM","No Pedestrians Involved","Dry","No Unusual Conditions","Daylight","Violation Driver 1","No Controls Present/Factor","Clear","Sideswipe","Intersection","Other Vehicle","Not Applicable","Not Applicable","At","","False","True","86052","LUNDY AV","ROSEBRIAR WY/VINCI PARK WY","37.37809766","-121.8769032"
"699413","CR-0000100745","0","0","0","0","23-194-0882","False","False","222.0","7/13/2023 9:40:00 PM","No Pedestrians Involved","Dry","No Unusual Conditions","Dark - Street Light","Violation Driver 1","Controls Functioning","Clear","Rear End","Non-Related","Parked Vehicle","Not Applicable","Not Applicable","West Of","","True","True","109141","SILVER CREEK RD","YERBA BUENA RD","37.29977127","-121.8026906"
"711849","CR-0000101394","0","0","0","0","23-311-0590","False","False","","11/7/2023 2:55:00 PM","No Pedestrians Involved","Dry","No Unusual Conditions","Daylight","Violation Driver 1","Controls Functioning","Clear","Sideswipe","Related","Other Vehicle","Not Applicable","Not Applicable","East Of","","False","True","32988","CAPITOL EX","SNELL AV","37.27692809","-121.8418967"
"692453","CR-0000097740","0","0","0","0","23-084-0280","False","False","51.0","3/25/2023 11:08:00 AM","No Pedestrians Involved","Dry","No Unusual Conditions","Daylight","Violation Driver 1","Controls Functioning","Clear","Rear End","Non-Related","Other Vehicle","Not Applicable","Not Applicable","West Of","","True","True","32988","CAPITOL EX","SNELL AV","37.27692809","-121.8418967"
"696508","CR-0000099695","1","0","1","0","23-350-0932","False","False","156.0","12/16/2023 11:00:00 PM","No Pedestrians Involved","Dry","No Unusual Conditions","Dark - Street Light","Violation Driver 1","Controls Functioning","Clear","Rear End","Non-Related","Other Vehicle","Not Applicable","Not Applicable","South Of","","False","True","32867","CAPITOL EX","MONTEREY RD","37.28067267","-121.8379639"
"695782","CR-0000098847","0","0","0","1","23-189-0910","False","False","625.0","7/8/2023 9:45:00 PM","Crossing - Not In Crosswalk","Dry","No Unusual Conditions","Dark - No Street Light","Unknown","No Controls Present/Factor","Clear","Vehicle/Pedestrian","Non-Related","Pedestrian","South","North","East Of","PED","False","True","32867","CAPITOL EX","MONTEREY RD","37.28067267","-121.8379639"
"716271","CR-0000102222","0","0","0","0","23-326-0529","False","False","0.0","11/22/2023 2:27:00 PM","No Pedestrians Involved","Dry","Unknown","Daylight","Violation Driver 1","No Controls Present/Factor","Clear","Sideswipe","Intersection","Other Vehicle","Not Applicable","Not Applicable","At","","False","True","32867","CAPITOL EX","MONTEREY RD","37.28067267","-121.8379639"
"711961","CR-0000101388","0","0","0","0","23-316-0888","False","False","225.0","11/12/2023 9:27:00 PM","No Pedestrians Involved","Dry","No Unusual Conditions","Dark - Street Light","Violation Driver 1","No Controls Present/Factor","Clear","Sideswipe","Non-Related","Parked Vehicle","Not Applicable","Not Applicable","East Of","","False","True","98031","OVERLAND CT","OVERLAND WY","37.29694968","-121.8331797"
"699193","CR-0000100513","0","0","0","0","23-176-0243","False","False","48.0","6/25/2023 12:00:00 AM","No Pedestrians Involved","Dry","No Unusual Conditions","Dark - Street Light","Violation Driver 1","No Controls Present/Factor","Clear","Sideswipe","Related","Parked Vehicle","Not Applicable","Not Applicable","South Of","","True","True","109944","SOUTHSIDE DR","YUMA DR","37.29563993","-121.8342688"
"698791","CR-0000100073","0","0","1","0","23-354-0797","False","False","59.0","12/20/2023 8:46:00 PM","In Road - Includes Shoulder","Wet","No Unusual Conditions","Dark - No Street Light","Violation Driver 1","No Controls Present/Factor","Clear","Vehicle/Pedestrian","Non-Related","Pedestrian","East","West","West Of","PED","True","True","45044","CRAMER CI","UMBARGER RD","37.30028326","-121.8442698"
"691398","CR-0000097647","0","0","0","0","23-065-0204","False","False","68.0","3/5/2023 5:00:00 PM","No Pedestrians Involved","Dry","No Unusual Conditions","Dark - Street Light","Violation Driver 1","Unknown","Clear","Sideswipe","Non-Related","Parked Vehicle","Not Applicable","Not Applicable","East Of","","True","True","75460","INGALLS CT","UMBARGER RD","37.30079964","-121.8435438"