"CrashFactId","Name","MinorInjuries","ModerateInjuries","SevereInjuries","FatalInjuries","TcrNumber","CityDamageFlag","ShortFormFlag","Distance","CrashDateTime","PedestrianAction","RoadwaySurface","RoadwayCondition","Lighting","PrimaryCollisionFactor","TrafficControl","Weather","CollisionType","ProximityToIntersection","VehicleInvolvedWith","PedestrianDirectionFrom","PedestrianDirectionTo","DirectionFromIntersection","Comment","SpeedingFlag","HitAndRunFlag","IntersectionNumber","AStreetName","BStreetName","Latitude","Longitude"
"694586","CR-0000098610","1","0","0","0","23-200-0783","False","False","0.0","7/19/2023 7:20:00 PM","Crossing In Crosswalk - At Intersection","Dry","No Unusual Conditions","Daylight","Violation Driver 1","Controls Functioning","Clear","Vehicle/Pedestrian","Intersection","Pedestrian","North","South","At","","False","True","54020","EDEN AV","PAYNE AV","37.30154515","-121.954468"
"690635","CR-0000096757","0","0","0","0","23-021-0233","False","False","0.0","1/21/2023 8:56:00 AM","No Pedestrians Involved","Dry","No Unusual Conditions","Daylight","Violation Driver 1","No Controls Present/Factor","Clear","Sideswipe","Intersection","Parked Vehicle","Not Applicable","Not Applicable","At","","False","True","54119","EDEN AV","WILLIAMSBURG DR","37.29776913","-121.9544557"
"690633","CR-0000096755","0","0","0","0","23-014-0345","False","False","0.0","1/14/2023 11:24:00 AM","No Pedestrians Involved","Wet","No Unusual Conditions","Daylight","Violation Driver 1","Controls Functioning","Rain","Head On","Intersection","Other Vehicle","Not Applicable","Not Applicable","At","","False","True","107645","SARATOGA AV","WILLIAMS RD","37.30813034","-121.9776662"
"695819","CR-0000098884","1","0","0","0","23-272-0831","False","False","0.0","9/29/2023 7:42:00 PM","No Pedestrians Involved","Dry","No Unusual Conditions","Dusk - Dawn","Violation Driver 1","Unknown","Clear","Rear End","Intersection","Other Vehicle","Not Applicable","Not Applicable","At","","True","True","107645","SARATOGA AV","WILLIAMS RD","37.30813034","-121.9776662"
"690636","CR-0000096758","0","0","0","0","23-031-0843","False","False","51.0","1/31/2023 7:35:00 PM","No Pedestrians Involved","Dry","No Unusual Conditions","Dusk - Dawn","Violation Driver 1","Controls Functioning","Clear","Broadside","Non-Related","Other Vehicle","Not Applicable","Not Applicable","South Of","","False","True","32482","CAPITOL AV","MCKEE RD","37.3700773","-121.8430134"
"690567","CR-0000096688","0","0","0","0","23-022-0688","False","False","496.0","1/22/2023 7:28:00 PM","No Pedestrians Involved","Dry","No Unusual Conditions","Dark - Street Light","Violation Driver 1","No Controls Present/Factor","Clear","Broadside","Non-Related","Other Vehicle","Not Applicable","Not Applicable","East Of","","False","True","32482","CAPITOL AV","MCKEE RD","37.3700773","-121.8430134"
"691286","CR-0000097531","0","0","0","0","23-038-0780","False","False","0.0","2/7/2023 7:45:00 PM","No Pedestrians Involved","Dry","No Unusual Conditions","Dark - Street Light","Violation Driver 1","Controls Functioning","Clear","Sideswipe","Intersection","Other Vehicle","Not Applicable","Not Applicable","At","","False","True","32482","CAPITOL AV","MCKEE RD","37.3700773","-121.8430134"
"696023","CR-0000099158","0","0","0","0","23-207-0646","False","False","51.0","7/26/2023 4:00:00 PM","No Pedestrians Involved","Dry","No Unusual Conditions","Daylight","Violation Driver 1","Controls Functioning","Clear","Sideswipe","Non-Related","Other Vehicle","Not Applicable","Not Applicable","South Of","","True","True","32482","CAPITOL AV","MCKEE RD","37.3700773","-121.8430134"
"699464","CR-0000100808","0","0","0","0","23-198-0235","False","False","0.0","7/17/2023 8:40:00 AM","No Pedestrians Involved","Dry","No Unusual Conditions","Daylight","Unknown","Controls Functioning","Clear","Rear End","Intersection","Other Vehicle","Not Applicable","Not Applicable","At","","False","True","32482","CAPITOL AV","MCKEE RD","37.3700773","-121.8430134"
"698736","CR-0000099986","0","0","1","0","23-261-0608","False","False","150.0","9/18/2023 3:43:00 PM","No Pedestrians Involved","Dry","No Unusual Conditions","Daylight","Unknown","No Controls Present/Factor","Clear","Vehicle/Bike","Non-Related","Bike","Not Applicable","Not Applicable","West Of","BIKE","False","True","32482","CAPITOL AV","MCKEE RD","37.3700773","-121.8430134"
"711943","CR-0000101537","0","0","0","0","23-343-0789","False","False","0.0","12/9/2023 7:46:00 PM","No Pedestrians Involved","Dry","No Unusual Conditions","Dark - Street Light","Violation Driver 1","Controls Functioning","Clear","Sideswipe","Intersection","Other Vehicle","Not Applicable","Not Applicable","At","","False","True","32482","CAPITOL AV","MCKEE RD","37.3700773","-121.8430134"
"691089","CR-0000097262","0","0","0","0","23-046-0009","False","False","0.0","2/15/2023 1:10:00 AM","No Pedestrians Involved","Dry","No Unusual Conditions","Dark - Street Light","Violation Driver 1","Controls Functioning","Clear","Hit Object","Intersection","Fixed Object","Not Applicable","Not Applicable","At","CONCRETE ISLAND","True","True","119657","BERRYESSA RD","COMMERCIAL ST","37.36612048","-121.8829309"
"690835","CR-0000096974","0","0","0","0","23-016-0178","False","False","0.0","1/16/2023 5:41:00 AM","No Pedestrians Involved","Wet","No Unusual Conditions","Dark - Street Light","Violation Driver 1","No Controls Present/Factor","Rain","Hit Object","Intersection","Fixed Object","Not Applicable","Not Applicable","At","","True","True","119657","BERRYESSA RD","COMMERCIAL ST","37.36612048","-121.8829309"
"690999","CR-0000097171","0","0","0","0","23-037-0104","False","False","48.0","2/6/2023 5:30:00 AM","No Pedestrians Involved","Dry","No Unusual Conditions","Dark - Street Light","Violation Driver 1","No Controls Present/Factor","Clear","Sideswipe","Related","Other Vehicle","Not Applicable","Not Applicable","West Of","","True","True","57276","ENSIGN WY","SEAMAN PL","37.37766286","-121.8672888"
"696044","CR-0000099179","0","0","0","0","23-210-0082","False","False","189.0","7/29/2023 1:21:00 AM","No Pedestrians Involved","Dry","No Unusual Conditions","Dark - Street Light","Violation Driver 1","No Controls Present/Factor","Clear","Rear End","Non-Related","Other Vehicle","Not Applicable","Not Applicable","West Of","","True","True","25332","BRIGADOON WY","DANIEL MALONEY DR","37.30692653","-121.8036164"
"692406","CR-0000097689","0","0","0","0","23-080-0392","False","False","0.0","3/21/2023 12:19:00 PM","Crossing In Crosswalk - At Intersection","Wet","No Unusual Conditions","Daylight","Pedestrian At Fault","Controls Functioning","Rain","Vehicle/Pedestrian","Intersection","Pedestrian","East","West","At","PED","False","True","14068","BASCOM AV","BURTON RD/SAMARITAN DR","37.25316632","-121.9523999"
"711960","CR-0000101511","0","0","0","0","23-135-4005","False","True","660.0","5/13/2023 8:00:00 PM","No Pedestrians Involved","Unknown","Unknown","Unknown","Unknown","Unknown","Unknown","Rear End","Non-Related","Unknown","Not Applicable","Not Applicable","West Of","","False","True","81817","LANTZ AV","WILLESTER AV","37.26645096","-121.9362225"
"712059","CR-0000101400","0","0","0","0","23-321-0910","False","False","0.0","11/17/2023 11:04:00 PM","No Pedestrians Involved","Wet","No Unusual Conditions","Dark - Street Light","Violation Driver 1","Unknown","Rain","Hit Object","Intersection","Fixed Object","Not Applicable","Not Applicable","At","","True","True","31712","CAPE BUFFALO DR","COMMODORE DR","37.37116037","-121.8696028"
"697565","CR-0000099776","0","0","0","0","23-142-0783","False","False","90.0","5/22/2023 4:00:00 PM","No Pedestrians Involved","Dry","No Unusual Conditions","Daylight","Violation Driver 1","No Controls Present/Factor","Clear","Head On","Non-Related","Parked Vehicle","Not Applicable","Not Applicable","South Of","","True","True","32086","CAPEWOOD LN","JUNEWOOD AV","37.41037769","-121.8763392"
"716006","CR-0000101863","0","0","0","0","23-154-4000","False","True","50.0","5/22/2023 4:00:00 PM","No Pedestrians Involved","Unknown","Unknown","Unknown","Unknown","Unknown","Unknown","Other","Related","Other Vehicle","Not Applicable","Not Applicable","South Of","","False","True","32086","CAPEWOOD LN","JUNEWOOD AV","37.41037769","-121.8763392"
"696136","CR-0000099278","0","0","0","0","23-236-1065","True","False","55.0","8/25/2023 12:00:00 AM","No Pedestrians Involved","Dry","No Unusual Conditions","Dark - Street Light","Violation Driver 1","No Controls Present/Factor","Clear","Hit Object","Non-Related","Fixed Object","Not Applicable","Not Applicable","South Of","TREE","False","True","81575","LANEVIEW DR","WARMWOOD LN","37.41498945","-121.8711262"
"711927","CR-0000101559","0","0","0","0","23-361-0774","False","False","0.0","12/27/2023 7:26:00 PM","No Pedestrians Involved","Wet","No Unusual Conditions","Dark - Street Light","Violation Driver 1","Controls Functioning","Rain","Broadside","Intersection","Other Vehicle","Not Applicable","Not Applicable","At","","True","True","32120","CAPEWOOD LN","TREEWOOD LN","37.41414558","-121.8689112"
"712186","CR-0000101617","0","0","0","0","23-300-0404","False","False","0.0","12/27/2023 12:10:00 PM","No Pedestrians Involved","Dry","No Unusual Conditions","Daylight","Violation Driver 1","Controls Functioning","Clear","Sideswipe","Intersection","Other Vehicle","Not Applicable","Not Applicable","At","","False","True","104576","DE ANZA BL","ROLLINGDELL DR/VIA VICO","37.30606581","-122.0322568"
"711636","CR-0000101565","0","0","0","0","23-358-0176","True","False","72.0","12/24/2023 4:45:00 AM","No Pedestrians Involved","Dry","No Unusual Conditions","Dark - Street Light","Violation Driver 1","Controls Functioning","Clear","Hit Object","Non-Related","Fixed Object","Not Applicable","Not Applicable","North Of","LIGHTPOLE","False","True","78880","DE ANZA BL","KENTWOOD AV","37.30379483","-122.0322489"
"712152","CR-0000101027","0","0","0","0","23-251-0996","False","False","0.0","9/8/2023 11:01:00 PM","No Pedestrians Involved","Dry","No Unusual Conditions","Dark - Street Light","Violation Driver 1","Controls Functioning","Clear","Broadside","Intersection","Other Vehicle","Not Applicable","Not Applicable","At","","False","True","81510","LANDESS AV","MORRILL AV","37.41602703","-121.8750339"
"689424","CR-0000095360","0","0","0","1","23-041-0140","False","False","0.0","2/10/2023 5:36:00 AM","Crossing - Not In Crosswalk","Dry","No Unusual Conditions","Dark - Street Light","Unknown","No Controls Present/Factor","Clear","Vehicle/Pedestrian","Intersection","Pedestrian","East","West","At","PED (Initially thought vehicle 2 had hit the pedestrian)","False","True","80332","KNIGHTS BRIDGE RD","MORRILL AV","37.40432409","-121.8667632"
"699188","CR-0000100508","0","0","0","0","23-178-0253","False","False","0.0","6/27/2023 8:00:00 AM","No Pedestrians Involved","Dry","No Unusual Conditions","Daylight","Violation Driver 1","Controls Functioning","Clear","Broadside","Intersection","Other Vehicle","Not Applicable","Not Applicable","At","","True","True","25871","AIRPORT PW","GATEWAY PL/TECHNOLOGY DR","37.37039587","-121.9214149"
"694080","CR-0000097929","0","0","0","0","23-109-0867","False","False","0.0","4/19/2023 9:46:00 PM","No Pedestrians Involved","Dry","No Unusual Conditions","Dark - Street Light","Violation Driver 1","Controls Functioning","Clear","Rear End","Intersection","Other Vehicle","Not Applicable","Not Applicable","At","","False","True","25871","AIRPORT PW","GATEWAY PL/TECHNOLOGY DR","37.37039587","-121.9214149"
"692492","CR-0000097780","0","0","0","0","23-074-0973","False","False","0.0","3/15/2023 7:00:00 PM","No Pedestrians Involved","Dry","No Unusual Conditions","Daylight","Violation Driver 1","Controls Functioning","Clear","Rear End","Intersection","Other Vehicle","Not Applicable","Not Applicable","At","","True","True","30502","CAMDEN AV","UNION AV","37.2617424","-121.9314108"
"712231","CR-0000101674","0","0","0","0","23-329-0526","False","False","0.0","11/25/2023 1:37:00 AM","No Pedestrians Involved","Dry","No Unusual Conditions","Dark - Street Light","Violation Driver 1","Unknown","Clear","Rear End","Intersection","Parked Vehicle","Not Applicable","Not Applicable","At","","True","True","77890","JULIET PARK DR","ROSEMAR AV","37.36984517","-121.8046284"
"696264","CR-0000099411","0","0","0","0","23-102-0708","False","False","0.0","4/12/2023 4:40:00 PM","No Pedestrians Involved","Dry","No Unusual Conditions","Daylight","Violation Driver 1","No Controls Present/Factor","Clear","Sideswipe","Intersection","Parked Vehicle","Not Applicable","Not Applicable","At","","False","True","79397","KING RD","LAVONNE AV","37.34427364","-121.847324"
"691337","CR-0000097584","1","0","0","0","23-076-0888","False","False","0.0","3/17/2023 9:14:00 PM","No Pedestrians Involved","Dry","No Unusual Conditions","Dark - Street Light","Violation Driver 1","Controls Functioning","Clear","Broadside","Intersection","Other Vehicle","Not Applicable","Not Applicable","At","","False","True","32273","CAPITOL AV","CROPLEY AV/TRADEZONE BL","37.40331992","-121.8821166"
"694087","CR-0000098107","1","0","0","0","23-120-0855","False","False","26.0","4/30/2023 10:35:00 PM","No Pedestrians Involved","Dry","No Unusual Conditions","Dark - Street Light","Violation Driver 1","Controls Functioning","Clear","Broadside","Related","Other Vehicle","Not Applicable","Not Applicable","South Of","","False","True","32273","CAPITOL AV","CROPLEY AV/TRADEZONE BL","37.40331992","-121.8821166"
"696218","CR-0000099363","2","0","0","0","23-103-0203","False","False","0.0","4/13/2023 8:12:00 AM","No Pedestrians Involved","Dry","No Unusual Conditions","Daylight","Violation Driver 1","Unknown","Clear","Broadside","Intersection","Other Vehicle","Not Applicable","Not Applicable","At","","False","True","126620","CARRAGATA DR","RENAISSANCE DR","37.41265608","-121.9599954"
"715932","CR-0000101871","0","0","0","0","23-330-0812","False","False","125.0","11/29/2023 7:23:00 PM","No Pedestrians Involved","Dry","No Unusual Conditions","Dark - Street Light","Unknown","No Controls Present/Factor","Clear","Sideswipe","Non-Related","Other Vehicle","Not Applicable","Not Applicable","East Of","","False","True","51160","DICKINSON DR","GIRAUDO DR","37.27375208","-121.8084422"
"698889","CR-0000100187","1","0","0","0","23-312-0790","False","False","35.0","11/8/2023 8:00:00 PM","No Pedestrians Involved","Dry","No Unusual Conditions","Dark - Street Light","Violation Driver 1","Unknown","Clear","Rear End","Related","Other Vehicle","Not Applicable","Not Applicable","East Of","","True","True","1264","ABORN RD","BRIGADOON WY","37.31196418","-121.8048559"
"694677","CR-0000098711","0","1","0","0","23-235-0812","False","False","0.0","8/23/2023 4:21:00 PM","Crossing In Crosswalk - At Intersection","Dry","No Unusual Conditions","Daylight","Violation Driver 1","Controls Functioning","Clear","Vehicle/Pedestrian","Intersection","Pedestrian","West","East","At","PED","False","True","1264","ABORN RD","BRIGADOON WY","37.31196418","-121.8048559"
"696289","CR-0000099445","0","1","0","0","23-289-0273","False","False","0.0","10/16/2023 10:00:00 AM","Crossing In Crosswalk - At Intersection","Dry","No Unusual Conditions","Daylight","Violation Driver 1","Controls Functioning","Clear","Vehicle/Pedestrian","Intersection","Pedestrian","South","North","At","PED","False","True","32493","CAPITOL AV","MOORBROOK DR","37.38512215","-121.8589945"
"691363","CR-0000097612","0","0","0","0","23-060-0356","False","False","0.0","3/1/2023 11:32:00 AM","No Pedestrians Involved","Dry","No Unusual Conditions","Daylight","Violation Driver 1","Controls Functioning","Clear","Broadside","Intersection","Other Vehicle","Not Applicable","Not Applicable","At","","False","True","95798","BROKAW RD","NIMITZ FR","37.38201026","-121.9035316"
"699191","CR-0000100511","0","0","0","0","23-162-0038","False","False","0.0","6/11/2023 12:34:00 AM","No Pedestrians Involved","Dry","No Unusual Conditions","Dark - Street Light","Violation Driver 1","No Controls Present/Factor","Clear","Sideswipe","Intersection","Other Vehicle","Not Applicable","Not Applicable","At","","True","True","110110","SPRECKLES AV","STATE ST","37.43280063","-121.9667052"
"696557","CR-0000099754","0","1","0","0","23-347-0800","False","False","0.0","12/13/2023 5:42:00 PM","Crossing In Crosswalk - At Intersection","Dry","Construction - Repair Zone","Dark - Street Light","Violation Driver 1","Controls Functioning","Cloudy","Vehicle/Pedestrian","Intersection","Pedestrian","North","South","At","PED","False","True","20162","BLOSSOM HILL RD","INDIAN AV","37.2506274","-121.8412105"
"712225","CR-0000101668","0","0","0","0","23-261-0211","False","False","51.0","9/18/2023 8:20:00 AM","No Pedestrians Involved","Dry","No Unusual Conditions","Daylight","Violation Driver 1","Controls Functioning","Clear","Rear End","Non-Related","Other Vehicle","Not Applicable","Not Applicable","Unknown","","False","True","47508","CURTNER AV","NEW JERSEY AV","37.2742094","-121.9272119"
"694535","CR-0000098529","1","0","0","0","23-195-0582","False","False","150.0","7/14/2023 4:26:00 PM","No Pedestrians Involved","Dry","No Unusual Conditions","Daylight","Violation Driver 1","Controls Functioning","Clear","Hit Object","Non-Related","Fixed Object","Not Applicable","Not Applicable","East Of","","True","True","17390","BERRYESSA RD","CAPITOL AV","37.38655812","-121.8605608"
"696393","CR-0000099570","0","0","0","0","23-149-0411","False","False","246.0","5/29/2023 12:50:00 PM","No Pedestrians Involved","Dry","No Unusual Conditions","Daylight","Violation Driver 1","No Controls Present/Factor","Clear","Broadside","Non-Related","Other Vehicle","Not Applicable","Not Applicable","East Of","","False","True","17390","BERRYESSA RD","CAPITOL AV","37.38655812","-121.8605608"
"696449","CR-0000099626","0","0","0","0","23-110-0212","False","False","0.0","4/20/2023 8:45:00 AM","No Pedestrians Involved","Dry","No Unusual Conditions","Daylight","Violation Driver 1","No Controls Present/Factor","Clear","Broadside","Intersection","Other Vehicle","Not Applicable","Not Applicable","At","","False","True","25915","BROKAW RD","ROGERS AV","37.37872185","-121.9110752"
"697569","CR-0000099780","0","0","0","0","23-143-0847","False","False","0.0","5/23/2023 7:03:00 PM","No Pedestrians Involved","Dry","No Unusual Conditions","Daylight","Violation Driver 1","No Controls Present/Factor","Clear","Broadside","Intersection","Other Vehicle","Not Applicable","Not Applicable","At","","False","True","80850","KYLE ST","PENITENCIA CREEK RD","37.38906755","-121.8462352"
"691353","CR-0000097601","1","0","0","0","23-089-0060","False","False","0.0","3/30/2023 2:04:00 AM","No Pedestrians Involved","Dry","Unknown","Dark - Street Light","Violation Driver 1","Controls Functioning","Clear","Rear End","Intersection","Other Vehicle","Not Applicable","Not Applicable","At","","True","True","60686","FIRST ST","TRIMBLE RD","37.38599241","-121.9277368"
"694420","CR-0000098383","0","1","0","0","23-155-0800","False","False","51.0","6/5/2023 10:20:00 PM","No Pedestrians Involved","Dry","No Unusual Conditions","Dark - Street Light","Violation Driver 1","Unknown","Clear","Vehicle/Bike","Non-Related","Bike","Not Applicable","Not Applicable","South Of","","False","True","73810","HOPKINS DR","STORY RD","37.3436548","-121.8375636"
"711767","CR-0000101526","0","0","0","0","23-365-0699","False","False","0.0","12/31/2023 8:54:00 PM","No Pedestrians Involved","Dry","No Unusual Conditions","Dark - Street Light","Violation Driver 1","Controls Functioning","Clear","Head On","Intersection","Other Vehicle","Not Applicable","Not Applicable","At","","False","True","73810","HOPKINS DR","STORY RD","37.3436548","-121.8375636"
"711912","CR-0000100987","0","0","0","0","23-266-0372","False","False","111.0","9/23/2023 12:22:00 PM","No Pedestrians Involved","Dry","No Unusual Conditions","Daylight","Violation Driver 1","No Controls Present/Factor","Clear","Sideswipe","Non-Related","Parked Vehicle","Not Applicable","Not Applicable","South Of","","False","True","73810","HOPKINS DR","STORY RD","37.3436548","-121.8375636"
"716036","CR-0000101732","0","0","0","0","23-224-0543","False","False","0.0","8/12/2023 4:11:00 PM","No Pedestrians Involved","Dry","No Unusual Conditions","Daylight","Violation Driver 1","Controls Functioning","Clear","Rear End","Intersection","Other Vehicle","Not Applicable","Not Applicable","West Of","","True","True","32812","CAPITOL EX/SAN ANTONIO SR","JACKSON AV","37.35553912","-121.8406698"
"715858","CR-0000101846","0","0","0","0","23-066-9706","False","True","507.0","3/4/2023 10:00:00 AM","No Pedestrians Involved","Dry","Other","Dark - No Street Light","Unknown","Unknown","Clear","Rear End","Non-Related","Parked Vehicle","Not Applicable","Not Applicable","East Of","","False","True","38312","CHESLEY DR","GRIMSBY DR","37.28044222","-121.9831271"
"692383","CR-0000097666","0","0","0","0","23-076-0177","False","False","42.0","3/17/2023 7:33:00 AM","No Pedestrians Involved","Dry","No Unusual Conditions","Daylight","Violation Driver 1","Controls Functioning","Clear","Rear End","Related","Other Vehicle","Not Applicable","Not Applicable","South Of","","True","True","92828","MONTEREY RD","UMBARGER RD","37.29471758","-121.8524311"
"699135","CR-0000100451","0","0","0","0","23-152-0909","False","False","0.0","6/1/2023 8:35:00 PM","No Pedestrians Involved","Dry","No Unusual Conditions","Dark - Street Light","Violation Driver 1","Controls Functioning","Clear","Rear End","Intersection","Other Vehicle","Not Applicable","Not Applicable","At","","False","True","92828","MONTEREY RD","UMBARGER RD","37.29471758","-121.8524311"
"695842","CR-0000098907","0","0","0","0","23-092-0831","False","False","0.0","4/2/2023 10:33:00 PM","No Pedestrians Involved","Dry","No Unusual Conditions","Dark - Street Light","Violation Driver 1","Unknown","Clear","Rear End","Intersection","Other Vehicle","Not Applicable","Not Applicable","At","","True","True","92828","MONTEREY RD","UMBARGER RD","37.29471758","-121.8524311"
"696145","CR-0000099287","0","0","0","0","23-239-0853","True","False","232.0","8/27/2023 9:15:00 PM","No Pedestrians Involved","Dry","No Unusual Conditions","Dark - Street Light","Violation Driver 1","Controls Functioning","Clear","Rear End","Non-Related","Other Vehicle","Not Applicable","Not Applicable","South Of","TREE","True","True","92740","MONTEREY RD","SAN JOSE AV","37.31256896","-121.8700941"
"699017","CR-0000100322","1","0","0","0","23-276-0182","False","False","70.0","10/3/2023 7:37:00 AM","No Pedestrians Involved","Dry","No Unusual Conditions","Daylight","Violation Driver 1","No Controls Present/Factor","Clear","Rear End","Non-Related","Other Vehicle","Not Applicable","Not Applicable","South Of","","True","True","92740","MONTEREY RD","SAN JOSE AV","37.31256896","-121.8700941"
"716044","CR-0000101922","0","0","0","0","23-360-0424","False","False","45.0","12/26/2023 2:26:00 PM","No Pedestrians Involved","Dry","No Unusual Conditions","Daylight","Violation Driver 1","Controls Functioning","Clear","Hit Object","Related","Fixed Object","Not Applicable","Not Applicable","North Of","PG&E POLE","False","True","120548","MONTEREY RD","STAUFFER BL","37.30839065","-121.8659363"
"694307","CR-0000098215","0","0","0","1","23-125-1120","False","False","390.0","5/5/2023 11:08:00 PM","In Road - Includes Shoulder","Wet","No Unusual Conditions","Dark - Street Light","Unknown","No Controls Present/Factor","Rain","Vehicle/Pedestrian","Non-Related","Pedestrian","Unknown","Unknown","South Of","","False","True","120548","MONTEREY RD","STAUFFER BL","37.30839065","-121.8659363"
"696355","CR-0000099510","0","0","0","1","23-154-1081","False","False","607.0","6/3/2023 11:58:00 PM","No Pedestrians Involved","Dry","No Unusual Conditions","Dark - Street Light","Violation Driver 1","No Controls Present/Factor","Clear","Vehicle/Bike","Non-Related","Bike","Not Applicable","Not Applicable","North Of","BIKE(DELAYED)","True","True","143362","MONTEREY RD","THE PLANT DW","37.30525564","-121.8628136"
"711795","CR-0000101290","0","0","0","0","23-227-0187","False","False","51.0","8/15/2023 7:17:00 AM","No Pedestrians Involved","Dry","No Unusual Conditions","Daylight","Violation Driver 1","Controls Functioning","Clear","Rear End","Non-Related","Other Vehicle","Not Applicable","Not Applicable","South Of","","False","True","143362","MONTEREY RD","THE PLANT DW","37.30525564","-121.8628136"
"697621","CR-0000099840","0","1","0","0","23-291-0623","False","False","0.0","10/16/2023 3:00:00 PM","No Pedestrians Involved","Dry","No Unusual Conditions","Daylight","Violation Driver 1","Controls Functioning","Clear","Vehicle/Bike","Intersection","Scooter Motorized","Not Applicable","Not Applicable","At","E.SCOOTER","False","True","74128","HOSTETTER RD","SUN LN","37.40659528","-121.8567732"
"696039","CR-0000099174","0","0","0","0","23-208-0697","False","False","51.0","7/26/2023 11:00:00 PM","No Pedestrians Involved","Dry","No Unusual Conditions","Dark - Street Light","Violation Driver 1","No Controls Present/Factor","Clear","Sideswipe","Non-Related","Parked Vehicle","Not Applicable","Not Applicable","East Of","","True","True","73930","HOSTETTER RD","JAPAUL LN","37.40690859","-121.8559828"
"694514","CR-0000098508","0","1","0","0","23-160-0318","False","False","0.0","6/9/2023 11:00:00 AM","No Pedestrians Involved","Dry","No Unusual Conditions","Daylight","Violation Driver 1","Controls Functioning","Clear","Rear End","Intersection","Other Vehicle","Not Applicable","Not Applicable","At","","True","True","14915","BAYSHORE FR","CAPITOL EX","37.3039238","-121.8154891"
"696176","CR-0000099319","1","0","0","0","23-150-0610","False","False","0.0","5/30/2023 1:00:00 PM","Crossing - Not In Crosswalk","Dry","No Unusual Conditions","Daylight","Violation Driver 1","Controls Functioning","Clear","Vehicle/Pedestrian","Intersection","Pedestrian","West","East","At","PED","True","True","114377","WESTMONT AV","WESTMONT AV","37.2708731","-121.9827227"
"711892","CR-0000101033","0","0","0","0","23-259-0929","False","False","98.0","9/16/2023 10:57:00 PM","No Pedestrians Involved","Dry","No Unusual Conditions","Dark - Street Light","Violation Driver 1","No Controls Present/Factor","Clear","Sideswipe","Non-Related","Parked Vehicle","Not Applicable","Not Applicable","East Of","","True","True","40578","CLOGSTON CT","RINEHART DR","37.36879561","-121.8490397"
"690814","CR-0000096953","0","0","0","0","23-005-0249","False","False","110.0","1/5/2023 2:57:00 AM","No Pedestrians Involved","Wet","No Unusual Conditions","Dark - Street Light","Violation Driver 1","No Controls Present/Factor","Rain","Head On","Non-Related","Parked Vehicle","Not Applicable","Not Applicable","West Of","","False","True","67264","GLIDER DR","SUISSE DR","37.23496004","-121.8229754"
"699458","CR-0000100770","0","0","0","0","23-206-0727","False","False","180.0","7/25/2023 7:12:00 PM","No Pedestrians Involved","Dry","No Unusual Conditions","Daylight","Violation Driver 1","No Controls Present/Factor","Clear","Head On","Non-Related","Other Vehicle","Not Applicable","Not Applicable","East Of","","True","True","40875","CLYDA DR","DOBERN AV","37.35355893","-121.8354287"
"698910","CR-0000100210","0","1","0","0","23-324-0311","False","False","87.0","11/20/2023 9:49:00 AM","No Pedestrians Involved","Dry","No Unusual Conditions","Daylight","Violation Driver 1","Controls Functioning","Clear","Broadside","Non-Related","Other Vehicle","Not Applicable","Not Applicable","South Of","","True","True","12650","BAMBI LN/SINCLAIR FW","JACKSON AV","37.35094664","-121.8363578"
"699067","CR-0000100373","1","0","0","0","23-359-0052","False","False","57.0","12/25/2023 12:52:00 AM","No Pedestrians Involved","Dry","No Unusual Conditions","Dark - Street Light","Violation Driver 1","Controls Functioning","Clear","Head On","Non-Related","Other Vehicle","Not Applicable","Not Applicable","South Of","","True","True","12650","BAMBI LN/SINCLAIR FW","JACKSON AV","37.35094664","-121.8363578"
"690763","CR-0000096901","1","0","0","0","23-021-0152","False","False","0.0","1/21/2023 5:09:00 AM","No Pedestrians Involved","Dry","No Unusual Conditions","Dark - Street Light","Violation Driver 1","Controls Functioning","Clear","Broadside","Intersection","Other Vehicle","Not Applicable","Not Applicable","At","","True","True","12650","BAMBI LN/SINCLAIR FW","JACKSON AV","37.35094664","-121.8363578"
"692510","CR-0000097799","0","0","0","0","23-074-0094","True","False","92.0","3/15/2023 3:45:00 AM","No Pedestrians Involved","Dry","No Unusual Conditions","Dark - Street Light","Violation Driver 1","Controls Functioning","Clear","Hit Object","Non-Related","Fixed Object","Not Applicable","Not Applicable","South Of","TREE","False","True","12650","BAMBI LN/SINCLAIR FW","JACKSON AV","37.35094664","-121.8363578"