"CrashFactId","Name","MinorInjuries","ModerateInjuries","SevereInjuries","FatalInjuries","TcrNumber","CityDamageFlag","ShortFormFlag","Distance","CrashDateTime","PedestrianAction","RoadwaySurface","RoadwayCondition","Lighting","PrimaryCollisionFactor","TrafficControl","Weather","CollisionType","ProximityToIntersection","VehicleInvolvedWith","PedestrianDirectionFrom","PedestrianDirectionTo","DirectionFromIntersection","Comment","SpeedingFlag","HitAndRunFlag","IntersectionNumber","AStreetName","BStreetName","Latitude","Longitude"
"711725","CR-0000101007","0","0","0","0","23-272-0660","False","False","0.0","9/29/2023 5:08:00 PM","No Pedestrians Involved","Dry","No Unusual Conditions","Daylight","Violation Driver 1","Controls Functioning","Clear","Head On","Intersection","Other Vehicle","Not Applicable","Not Applicable","At","","False","True","32240","CAPITOL AV/EXCALIBUR DR","CAPITOL EX","37.3552984","-121.8308435"
"690996","CR-0000097167","0","0","0","0","23-039-0923","False","False","460.0","2/8/2023 11:10:00 PM","No Pedestrians Involved","Dry","No Unusual Conditions","Dark - Street Light","Violation Driver 1","No Controls Present/Factor","Clear","Broadside","Non-Related","Parked Vehicle","Not Applicable","Not Applicable","West Of","","False","True","57771","EVERDALE DR","PENTLAND WY","37.31538037","-121.801993"
"712228","CR-0000101671","0","0","0","0","23-323-0551","False","False","80.0","11/19/2023 4:56:00 PM","No Pedestrians Involved","Dry","No Unusual Conditions","Dark - No Street Light","Violation Driver 1","No Controls Present/Factor","Clear","Rear End","Non-Related","Parked Vehicle","Not Applicable","Not Applicable","East Of","","True","True","94511","MUIRFIELD DR","SIERRA MESA DR","37.359764","-121.837895"
"698709","CR-0000099958","0","0","0","0","23-147-0556","True","False","0.0","5/27/2023 3:07:00 PM","No Pedestrians Involved","Dry","No Unusual Conditions","Daylight","Violation Driver 1","Controls Functioning","Clear","Hit Object","Intersection","Fixed Object","Not Applicable","Not Applicable","At","Signage","True","True","116390","DISK CT/DISK DR","NORTECH PW","37.42359707","-121.9604305"
"712248","CR-0000101694","0","0","0","0","23-330-0017","False","False","0.0","11/26/2023 12:12:00 AM","No Pedestrians Involved","Dry","No Unusual Conditions","Dark - Street Light","Violation Driver 1","No Controls Present/Factor","Clear","Sideswipe","Intersection","Other Vehicle","Not Applicable","Not Applicable","At","","False","True","126675","ALVISO MILPITAS RD","FIRST ST","37.41977949","-121.9603054"
"696147","CR-0000099290","0","0","0","0","23-114-0744","False","False","331.0","4/24/2023 6:40:00 PM","No Pedestrians Involved","Dry","No Unusual Conditions","Daylight","Unknown","No Controls Present/Factor","Clear","Sideswipe","Non-Related","Parked Vehicle","Not Applicable","Not Applicable","West Of","","False","True","55373","EL RANCHO VERDE CT","EL RANCHO VERDE DR","37.35877937","-121.8509182"
"690973","CR-0000097144","0","0","0","0","23-044-0732","False","False","0.0","2/13/2023 7:05:00 PM","No Pedestrians Involved","Dry","No Unusual Conditions","Dark - Street Light","Violation Driver 1","Controls Functioning","Clear","Rear End","Intersection","Other Vehicle","Not Applicable","Not Applicable","At","","True","True","82830","LEEWARD DR","STORY RD","37.3483791","-121.8305992"
"699123","CR-0000100439","0","0","0","0","23-154-0456","False","False","0.0","6/3/2023 1:06:00 PM","No Pedestrians Involved","Dry","No Unusual Conditions","Daylight","Violation Driver 1","Unknown","Clear","Rear End","Intersection","Other Vehicle","Not Applicable","Not Applicable","At","","True","True","76977","JESSICA WY","KING RD","37.31423577","-121.8181425"
"699183","CR-0000100503","0","0","0","0","23-179-0317","False","False","0.0","6/28/2023 10:36:00 AM","No Pedestrians Involved","Dry","No Unusual Conditions","Daylight","Violation Driver 1","No Controls Present/Factor","Clear","Rear End","Intersection","Other Vehicle","Not Applicable","Not Applicable","At","","True","True","64492","GARDEN AV","LEWIS RD","37.29399529","-121.8430046"
"695960","CR-0000099093","0","0","0","0","23-225-0081","False","False","0.0","8/13/2023 1:32:00 AM","No Pedestrians Involved","Dry","No Unusual Conditions","Dark - Street Light","Violation Driver 1","No Controls Present/Factor","Clear","Sideswipe","Intersection","Other Vehicle","Not Applicable","Not Applicable","At","","False","True","64492","GARDEN AV","LEWIS RD","37.29399529","-121.8430046"
"694089","CR-0000097930","1","0","0","0","23-109-0827","False","False","0.0","4/19/2023 8:40:00 PM","No Pedestrians Involved","Dry","No Unusual Conditions","Unknown","Violation Driver 1","Controls Functioning","Clear","Sideswipe","Intersection","Other Vehicle","Not Applicable","Not Applicable","At","","False","True","83401","LEWIS RD","SENTER RD","37.29771373","-121.8376256"
"699069","CR-0000100375","1","0","0","0","23-343-0797","False","False","0.0","12/9/2023 7:56:00 PM","No Pedestrians Involved","Dry","No Unusual Conditions","Dark - Street Light","Violation Driver 1","Controls Functioning","Clear","Rear End","Intersection","Other Vehicle","Not Applicable","Not Applicable","At","","False","True","42228","COLVILLE DR","LEAN AV","37.2462959","-121.8174292"
"692552","CR-0000097843","0","0","0","0","23-095-0592","False","False","27.0","4/5/2023 3:55:00 PM","No Pedestrians Involved","Dry","No Unusual Conditions","Daylight","Violation Driver 1","No Controls Present/Factor","Clear","Broadside","Related","Other Vehicle","Not Applicable","Not Applicable","West Of","","True","True","76999","JEWELL DR","LANTZ AV","37.26936089","-121.9363662"
"691106","CR-0000097288","0","0","0","0","23-058-0409","False","False","0.0","2/27/2023 12:48:00 PM","No Pedestrians Involved","Wet","No Unusual Conditions","Daylight","Violation Driver 1","Unknown","Rain","Rear End","Intersection","Other Vehicle","Not Applicable","Not Applicable","At","","True","True","75184","IDLEWOOD DR","SHERLOCK DR","37.30906658","-121.8365222"
"691174","CR-0000097376","0","0","0","0","23-052-0103","False","False","60.0","2/21/2023 4:44:00 AM","No Pedestrians Involved","Dry","No Unusual Conditions","Dark - Street Light","Violation Driver 1","No Controls Present/Factor","Clear","Hit Object","Non-Related","Fixed Object","Not Applicable","Not Applicable","South Of","Curb","True","True","107821","TONY P. SANTOS ST","WILSON WY","37.42556645","-121.9662045"
"691254","CR-0000097479","0","0","0","0","23-046-0140","False","False","135.0","2/15/2023 6:53:00 AM","No Pedestrians Involved","Dry","No Unusual Conditions","Daylight","Violation Driver 1","No Controls Present/Factor","Clear","Head On","Non-Related","Parked Vehicle","Not Applicable","Not Applicable","South Of","","True","True","108250","SERENADE WY","TANGO WY","37.27854685","-121.8154713"
"690936","CR-0000097103","1","0","0","0","23-046-0928","False","False","120.0","2/15/2023 8:35:00 PM","No Pedestrians Involved","Dry","No Unusual Conditions","Dark - Street Light","Violation Driver 1","No Controls Present/Factor","Clear","Vehicle/Bike","Non-Related","Bike","Not Applicable","Not Applicable","West Of","","False","True","8733","ARCHER ST","STATE ST","37.42841118","-121.9728622"
"715916","CR-0000101916","0","0","0","0","23-244-9709","False","True","51.0","8/31/2023 1:45:00 PM","No Pedestrians Involved","Dry","No Unusual Conditions","Daylight","Unknown","No Controls Present/Factor","Clear","Rear End","Non-Related","Parked Vehicle","Not Applicable","Not Applicable","South Of","","False","True","128468","HOSTETTER RD","WHARTON RD","37.40907468","-121.8506129"
"690765","CR-0000096903","0","0","0","0","23-021-0709","False","False","300.0","1/21/2023 8:03:00 PM","Not In Road","Dry","No Unusual Conditions","Dark - Street Light","Violation Driver 1","No Controls Present/Factor","Clear","Vehicle/Pedestrian","Non-Related","Pedestrian","North","South","North Of","PED","True","True","1418","ABORN RD","SAN FELIPE RD/WHITE RD","37.31396582","-121.791524"
"698893","CR-0000100191","1","0","0","0","23-314-0796","False","False","40.0","11/10/2023 8:15:00 PM","No Pedestrians Involved","Dry","No Unusual Conditions","Dark - Street Light","Violation Driver 1","Controls Functioning","Clear","Sideswipe","Related","Other Vehicle","Not Applicable","Not Applicable","West Of","","True","True","1418","ABORN RD","SAN FELIPE RD/WHITE RD","37.31396582","-121.791524"
"699084","CR-0000100399","0","0","0","0","23-174-0048","True","False","39.0","6/23/2023 1:00:00 AM","No Pedestrians Involved","Dry","No Unusual Conditions","Dark - Street Light","Unknown","Controls Functioning","Clear","Hit Object","Related","Fixed Object","Not Applicable","Not Applicable","West Of","LIGHT POLE","False","True","66263","GIUFFRIDA AV","SNELL AV","37.25314882","-121.8308588"
"691190","CR-0000097392","0","0","0","0","23-057-0467","False","False","60.0","2/26/2023 6:05:00 PM","No Pedestrians Involved","Dry","No Unusual Conditions","Daylight","Violation Driver 1","Controls Functioning","Clear","Sideswipe","Non-Related","Other Vehicle","Not Applicable","Not Applicable","South Of","","False","True","90045","MCLAUGHLIN AV","TULLY RD","37.31517238","-121.8365087"
"690658","CR-0000096781","0","1","0","0","23-015-0224","False","False","0.0","1/15/2023 6:30:00 AM","In Road - Includes Shoulder","Wet","No Unusual Conditions","Daylight","Unknown","Controls Functioning","Rain","Vehicle/Pedestrian","Intersection","Pedestrian","Unknown","Unknown","At","PED","False","True","90045","MCLAUGHLIN AV","TULLY RD","37.31517238","-121.8365087"
"695829","CR-0000098894","0","0","0","0","23-093-0969","False","False","50.0","4/3/2023 9:02:00 PM","No Pedestrians Involved","Dry","No Unusual Conditions","Dark - Street Light","Violation Driver 1","Controls Functioning","Clear","Sideswipe","Related","Other Vehicle","Not Applicable","Not Applicable","East Of","","False","True","90045","MCLAUGHLIN AV","TULLY RD","37.31517238","-121.8365087"
"711756","CR-0000101353","0","0","0","0","23-249-0868","False","False","0.0","9/6/2023 9:07:00 PM","No Pedestrians Involved","Dry","No Unusual Conditions","Dark - Street Light","Violation Driver 1","Controls Functioning","Clear","Broadside","Intersection","Other Vehicle","Not Applicable","Not Applicable","At","","True","True","104774","ROSENBAUM AV","SNELL AV","37.27317304","-121.8375421"
"692489","CR-0000097777","0","0","0","0","23-074-0915","True","False","146.0","3/15/2023 8:19:00 PM","No Pedestrians Involved","Dry","No Unusual Conditions","Dark - Street Light","Violation Driver 1","Controls Functioning","Clear","Hit Object","Non-Related","Fixed Object","Not Applicable","Not Applicable","West Of","TREE","True","True","89616","MCKEE RD","VISTA AV","37.38096519","-121.8267688"
"690679","CR-0000096813","0","0","0","0","23-015-0267","False","False","0.0","1/15/2023 10:14:00 AM","Crossing In Crosswalk - At Intersection","Wet","No Unusual Conditions","Daylight","Violation Driver 1","No Controls Present/Factor","Rain","Vehicle/Pedestrian","Intersection","Pedestrian","West","East","At","PED","False","True","89605","MCKEE RD","TOYON AV","37.38107156","-121.826348"
"691015","CR-0000097186","0","0","0","0","23-032-0468","False","False","","2/1/2023 1:05:00 PM","No Pedestrians Involved","Dry","No Unusual Conditions","Daylight","Violation Driver 1","Controls Functioning","Clear","Rear End","Related","Other Vehicle","Not Applicable","Not Applicable","North Of","","True","True","89605","MCKEE RD","TOYON AV","37.38107156","-121.826348"
"699208","CR-0000100529","0","0","0","0","23-161-0517","False","False","0.0","6/10/2023 9:19:00 PM","No Pedestrians Involved","Dry","No Unusual Conditions","Daylight","Violation Driver 1","Controls Functioning","Clear","Hit Object","Intersection","Fixed Object","Not Applicable","Not Applicable","At","FENCE","False","True","93708","MOSSLAND DR","SIERRA RD","37.38139449","-121.8770829"
"711693","CR-0000100982","0","0","0","0","23-264-1011","False","False","62.0","9/21/2023 11:42:00 PM","No Pedestrians Involved","Dry","No Unusual Conditions","Dark - No Street Light","Violation Driver 1","No Controls Present/Factor","Clear","Broadside","Non-Related","Parked Vehicle","Not Applicable","Not Applicable","East Of","","True","True","108228","SERENADE WY","SONATA WY","37.27866214","-121.8181434"
"716040","CR-0000101727","0","0","0","0","23-238-0939","False","False","68.0","8/26/2023 10:30:00 PM","No Pedestrians Involved","Dry","No Unusual Conditions","Dark - Street Light","Violation Driver 1","No Controls Present/Factor","Clear","Rear End","Non-Related","Other Vehicle","Not Applicable","Not Applicable","East Of","","True","True","70487","HARMONY LN","RHAPSODY WY","37.27646285","-121.8192839"
"699063","CR-0000100369","1","0","0","0","23-341-0828","False","False","0.0","12/7/2023 6:21:00 PM","No Pedestrians Involved","Dry","No Unusual Conditions","Dark - Street Light","Violation Driver 1","Controls Functioning","Clear","Sideswipe","Intersection","Other Vehicle","Not Applicable","Not Applicable","At","","False","True","32845","CAPITOL EX","MCLAUGHLIN AV","37.30039512","-121.8209165"
"696108","CR-0000099247","0","0","0","0","23-219-0960","False","False","0.0","8/7/2023 8:49:00 PM","No Pedestrians Involved","Dry","No Unusual Conditions","Dark - Street Light","Violation Driver 1","Controls Functioning","Clear","Rear End","Intersection","Other Vehicle","Not Applicable","Not Applicable","At","","True","True","132912","GUADALUPE FR","SKYPORT RD","37.36442599","-121.91892"
"715942","CR-0000101845","0","0","0","0","23-091-9702","False","True","0.0","3/31/2023 7:40:00 AM","No Pedestrians Involved","Dry","No Unusual Conditions","Daylight","Unknown","No Controls Present/Factor","Cloudy","Broadside","Intersection","Other Vehicle","Not Applicable","Not Applicable","At","","False","True","90991","MESCALERO DR","SHAWNEE LN","37.24126991","-121.8325809"
"692460","CR-0000097747","0","0","0","0","23-084-0528","False","False","0.0","3/25/2023 4:34:00 PM","No Pedestrians Involved","Dry","No Unusual Conditions","Daylight","Violation Driver 1","Unknown","Clear","Rear End","Intersection","Other Vehicle","Not Applicable","Not Applicable","At","","False","True","11725","AZULE AV","CALERO AV","37.24215395","-121.8360562"
"699430","CR-0000100763","0","0","0","0","23-196-0221","False","False","77.0","7/14/2023 10:05:00 PM","No Pedestrians Involved","Dry","No Unusual Conditions","Dark - Street Light","Unknown","No Controls Present/Factor","Clear","Sideswipe","Non-Related","Parked Vehicle","Not Applicable","Not Applicable","South Of","","False","True","45022","CRAMER CI","HABBITTS CT","37.30090082","-121.842497"
"694669","CR-0000098702","1","0","0","0","23-211-0313","False","False","0.0","7/30/2023 9:34:00 AM","No Pedestrians Involved","Dry","No Unusual Conditions","Daylight","Violation Driver 1","Controls Functioning","Clear","Rear End","Intersection","Other Vehicle","Not Applicable","Not Applicable","At","","True","True","9899","ASHWOOD LN","LANDESS AV","37.41805422","-121.8701085"
"715898","CR-0000101733","0","0","0","0","23-224-0673","False","False","0.0","8/12/2023 7:40:00 PM","No Pedestrians Involved","Dry","No Unusual Conditions","Dusk - Dawn","Violation Driver 1","No Controls Present/Factor","Clear","Sideswipe","Intersection","Parked Vehicle","Not Applicable","Not Applicable","At","","True","True","68859","GRIDLEY ST","MABURY RD/SAN MARINO AV","37.38779102","-121.8385152"
"699138","CR-0000100454","0","0","0","0","23-162-0538","True","False","0.0","6/11/2023 4:00:00 PM","No Pedestrians Involved","Dry","No Unusual Conditions","Daylight","Violation Driver 1","No Controls Present/Factor","Clear","Hit Object","Intersection","Other Object","Not Applicable","Not Applicable","At","STREET SIGN","True","True","39236","CHYNOWETH AV","SIGRID WY","37.25885662","-121.823309"
"691320","CR-0000097565","0","3","0","0","23-010-1025","False","False","51.0","1/10/2023 9:36:00 PM","No Pedestrians Involved","Wet","No Unusual Conditions","Dark - Street Light","Violation Driver 1","No Controls Present/Factor","Rain","Broadside","Non-Related","Other Vehicle","Not Applicable","Not Applicable","North Of","","False","True","54251","EDENVALE AV","RED RIVER WY","37.26123017","-121.8194176"
"692547","CR-0000097838","1","0","0","0","23-095-0676","False","False","214.0","4/5/2023 5:15:00 PM","No Pedestrians Involved","Dry","No Unusual Conditions","Daylight","Violation Driver 1","No Controls Present/Factor","Clear","Sideswipe","Non-Related","Other Vehicle","Not Applicable","Not Applicable","North Of","","False","True","112716","UNION AV","WOODARD RD","37.26027026","-121.9313541"
"696509","CR-0000099696","0","0","0","0","23-350-0010","False","False","0.0","12/16/2023 12:45:00 AM","No Pedestrians Involved","Dry","No Unusual Conditions","Dark - Street Light","Violation Driver 1","No Controls Present/Factor","Clear","Sideswipe","Intersection","Parked Vehicle","Not Applicable","Not Applicable","At","","True","True","44670","COY DR","EAGLES LN","37.25546427","-121.8218989"
"691159","CR-0000097361","0","0","0","0","23-046-0932","False","False","","2/15/2023 8:26:00 PM","No Pedestrians Involved","Dry","No Unusual Conditions","Dark - Street Light","Violation Driver 1","Controls Functioning","Clear","Sideswipe","Related","Other Vehicle","Not Applicable","Not Applicable","South Of","","False","True","60390","FIRST ST","MONTAGUE EX","37.39737495","-121.9361287"
"690730","CR-0000096867","1","0","0","0","23-039-0250","False","False","0.0","2/8/2023 8:50:00 AM","No Pedestrians Involved","Dry","No Unusual Conditions","Daylight","Unknown","Controls Functioning","Clear","Vehicle/Bike","Intersection","Bike","Not Applicable","Not Applicable","At","BIKE","False","True","1320","ABORN RD","KETTMANN RD","37.31328893","-121.796141"
"696316","CR-0000099472","0","0","1","0","23-274-0128","False","False","27.0","10/1/2023 1:03:00 AM","In Road - Includes Shoulder","Dry","No Unusual Conditions","Dark - Street Light","Violation Driver 1","No Controls Present/Factor","Clear","Vehicle/Pedestrian","Related","Pedestrian","No Direction (Not Walking)","No Direction (Not Walking)","South Of","PED","False","True","81388","LANAI AV","ORLEANS DR","37.32441251","-121.8328242"
"699139","CR-0000100455","0","0","0","0","23-160-0822","False","False","20.0","6/9/2023 9:39:00 PM","No Pedestrians Involved","Dry","No Unusual Conditions","Dark - Street Light","Violation Driver 1","Controls Functioning","Clear","Rear End","Related","Other Vehicle","Not Applicable","Not Applicable","South Of","","False","True","93147","MOORPARK AV","SARATOGA AV","37.31589337","-121.9759443"
"695961","CR-0000099094","0","0","0","0","23-223-0790","False","False","0.0","8/11/2023 7:40:00 PM","No Pedestrians Involved","Dry","No Unusual Conditions","Daylight","Violation Driver 1","No Controls Present/Factor","Clear","Broadside","Intersection","Other Vehicle","Not Applicable","Not Applicable","At","","False","True","96337","NORTHLAKE DR","STEVENS CREEK BL","37.32321275","-121.9684108"
"696103","CR-0000099241","0","0","0","0","23-221-0037","False","False","0.0","8/9/2023 12:45:00 AM","No Pedestrians Involved","Dry","No Unusual Conditions","Dark - Street Light","Violation Driver 1","Controls Functioning","Clear","Rear End","Intersection","Other Vehicle","Not Applicable","Not Applicable","At","","False","True","115026","BROKAW RD","RIDDER PARK DR","37.38227271","-121.9005933"
"696334","CR-0000099490","0","0","1","0","23-295-0673","False","False","0.0","10/22/2023 3:00:00 AM","In Road - Includes Shoulder","Dry","No Unusual Conditions","Dark - Street Light","Violation Driver 1","Controls Functioning","Clear","Vehicle/Pedestrian","Intersection","Pedestrian","No Direction (Not Walking)","No Direction (Not Walking)","At","PED","False","True","42690","CONCOURSE DR","LUNDY AV","37.39705694","-121.8909341"
"695835","CR-0000098900","0","0","0","0","23-098-0405","False","False","150.0","4/7/2023 9:50:00 PM","No Pedestrians Involved","Dry","No Unusual Conditions","Dark - Street Light","Violation Driver 1","No Controls Present/Factor","Clear","Rear End","Non-Related","Parked Vehicle","Not Applicable","Not Applicable","South Of","","False","True","56979","EMPIRE ST","TWELFTH ST","37.35027572","-121.885487"
"712073","CR-0000101445","0","0","0","0","23-132-4003","False","True","0.0","5/12/2023 12:35:00 PM","No Pedestrians Involved","Unknown","Unknown","Unknown","Unknown","Unknown","Unknown","Broadside","Intersection","Other Vehicle","Not Applicable","Not Applicable","At","","False","True","54966","EIGHTH ST","WILLIAM ST","37.33210128","-121.8774887"
"690589","CR-0000096710","1","0","0","0","23-031-0529","False","False","51.0","1/31/2023 2:15:00 PM","No Pedestrians Involved","Dry","No Unusual Conditions","Daylight","Violation Driver 1","Controls Functioning","Clear","Rear End","Non-Related","Other Vehicle","Not Applicable","Not Applicable","South Of","","False","True","55945","ELEVENTH ST","WILLIAM ST","37.33360023","-121.8743296"
"698727","CR-0000099976","0","2","0","0","23-250-0789","False","False","0.0","9/7/2023 6:46:00 PM","No Pedestrians Involved","Dry","No Unusual Conditions","Daylight","Violation Driver 1","No Controls Present/Factor","Clear","Head On","Intersection","Other Vehicle","Not Applicable","Not Applicable","At","","False","True","95996","NINTH ST","WILLIAM ST","37.3326025","-121.8764332"
"691339","CR-0000097586","1","0","0","0","23-077-0647","False","False","0.0","3/18/2023 7:22:00 PM","No Pedestrians Involved","Dry","No Unusual Conditions","Dark - Street Light","Unknown","Controls Functioning","Clear","Sideswipe","Intersection","Other Vehicle","Not Applicable","Not Applicable","At","Hydrant","False","True","106370","SAN FERNANDO ST","THIRD ST","37.33531878","-121.8870865"
"696310","CR-0000099466","0","0","1","0","23-278-0757","False","False","25.0","10/5/2023 7:36:00 PM","Crossing - Not In Crosswalk","Dry","No Unusual Conditions","Dark - Street Light","Violation Driver 1","Controls Functioning","Clear","Vehicle/Pedestrian","Related","Pedestrian","East","West","South Of","PED","True","True","100528","PHELAN AV","SENTER RD","37.31829305","-121.8585909"
"695809","CR-0000098874","2","0","0","0","23-269-0744","False","False","206.0","9/26/2023 6:24:00 PM","No Pedestrians Involved","Dry","No Unusual Conditions","Dusk - Dawn","Violation Driver 1","Controls Functioning","Clear","Rear End","Non-Related","Other Vehicle","Not Applicable","Not Applicable","North Of","","True","True","4234","ALMA AV","TENTH ST","37.31989939","-121.865549"
"696430","CR-0000099607","0","0","0","0","23-107-0040","False","False","51.0","4/17/2023 1:36:00 AM","No Pedestrians Involved","Dry","No Unusual Conditions","Dark - Street Light","Violation Driver 1","No Controls Present/Factor","Clear","Sideswipe","Non-Related","Other Vehicle","Not Applicable","Not Applicable","East Of","","False","True","60279","FIRST ST","HUMBOLDT ST","37.31875436","-121.8763118"
"690899","CR-0000097044","1","0","0","0","23-033-0744","False","False","0.0","2/2/2023 7:10:00 PM","No Pedestrians Involved","Dry","No Unusual Conditions","Dark - Street Light","Violation Driver 1","No Controls Present/Factor","Clear","Head On","Intersection","Other Vehicle","Not Applicable","Not Applicable","At","","True","True","86547","MABURY RD","TAYLOR ST","37.36271489","-121.8755796"
"711945","CR-0000101073","0","0","0","0","23-297-0893","False","False","0.0","10/24/2023 10:31:00 PM","No Pedestrians Involved","Dry","No Unusual Conditions","Dark - Street Light","Violation Driver 1","Controls Functioning","Clear","Rear End","Intersection","Other Vehicle","Not Applicable","Not Applicable","At","","True","True","86547","MABURY RD","TAYLOR ST","37.36271489","-121.8755796"
"711671","CR-0000100914","1","0","0","0","23-317-0645","False","False","54.0","11/13/2023 3:40:00 PM","No Pedestrians Involved","Dry","No Unusual Conditions","Daylight","Violation Driver 1","No Controls Present/Factor","Clear","Sideswipe","Non-Related","Other Vehicle","Not Applicable","Not Applicable","West Of","","False","True","55692","ELEVENTH ST","HEDDING ST","37.35840461","-121.8928103"
"696187","CR-0000099331","0","0","0","0","23-098-0079","False","False","0.0","4/8/2023 1:45:00 AM","No Pedestrians Involved","Dry","No Unusual Conditions","Dark - Street Light","Violation Driver 1","Controls Functioning","Clear","Sideswipe","Intersection","Other Vehicle","Not Applicable","Not Applicable","At","","True","True","55692","ELEVENTH ST","HEDDING ST","37.35840461","-121.8928103"
"691153","CR-0000097354","0","0","0","0","23-036-0087","False","False","115.0","2/5/2023 1:56:00 AM","No Pedestrians Involved","Wet","No Unusual Conditions","Dark - Street Light","Violation Driver 1","Controls Not Functioning","Rain","Hit Object","Non-Related","Fixed Object","Not Applicable","Not Applicable","North Of","PG&E Powerpole","False","True","90694","MERIDIAN AV","PRINCETON DR","37.24483767","-121.8914866"
"696245","CR-0000099392","0","1","0","0","23-175-0889","False","False","0.0","6/24/2023 11:32:00 PM","No Pedestrians Involved","Dry","No Unusual Conditions","Dark - Street Light","Violation Driver 1","No Controls Present/Factor","Clear","Vehicle/Bike","Intersection","Bike","Not Applicable","Not Applicable","At","BIKE","True","True","67737","GOODYEAR ST","GRAHAM ST","37.31930667","-121.8787326"
"715923","CR-0000101865","0","0","0","0","23-146-9701","False","True","0.0","5/20/2023 10:00:00 PM","No Pedestrians Involved","Dry","No Unusual Conditions","Dark - Street Light","Unknown","No Controls Present/Factor","Clear","Rear End","Intersection","Parked Vehicle","Not Applicable","Not Applicable","At","","False","True","4278","ALMADEN AV","CARLYSLE ST","37.33567335","-121.8945568"
"712103","CR-0000101512","0","0","0","0","23-137-4002","False","True","51.0","5/13/2023 5:00:00 PM","No Pedestrians Involved","Unknown","Unknown","Unknown","Unknown","Unknown","Unknown","Other","Non-Related","Parked Vehicle","Not Applicable","Not Applicable","West Of","","False","True","33516","CARLYSLE ST","NOTRE DAME AV","37.33528429","-121.895393"
"698796","CR-0000100077","1","0","0","0","23-351-0024","False","False","0.0","12/16/2023 11:40:00 PM","No Pedestrians Involved","Dry","No Unusual Conditions","Dark - Street Light","Violation Driver 1","Controls Functioning","Clear","Broadside","Intersection","Motor Vehicle On Other Roadway","Not Applicable","Not Applicable","At","","False","True","108756","SHERMAN ST","WILLOW ST","37.32034778","-121.879746"
"699341","CR-0000100668","0","0","0","0","23-170-0072","False","False","33.0","6/19/2023 1:32:00 AM","No Pedestrians Involved","Dry","No Unusual Conditions","Dark - Street Light","Violation Driver 1","No Controls Present/Factor","Clear","Rear End","Related","Parked Vehicle","Not Applicable","Not Applicable","East Of","","False","True","108756","SHERMAN ST","WILLOW ST","37.32034778","-121.879746"
"690638","CR-0000096760","0","0","0","0","23-031-0396","False","False","0.0","1/31/2023 11:30:00 AM","No Pedestrians Involved","Dry","No Unusual Conditions","Daylight","Violation Driver 1","No Controls Present/Factor","Clear","Rear End","Intersection","Other Vehicle","Not Applicable","Not Applicable","At","","True","True","2551","ALAMEDA","MORRISON AV","37.33165285","-121.9083962"
"699473","CR-0000100804","0","0","0","0","23-200-0169","False","False","154.0","7/18/2023 10:00:00 PM","No Pedestrians Involved","Dry","No Unusual Conditions","Daylight","Unknown","No Controls Present/Factor","Clear","Rear End","Non-Related","Parked Vehicle","Not Applicable","Not Applicable","North Of","","False","True","39533","CINNABAR ST","STOCKTON AV","37.33548934","-121.9077719"
"696087","CR-0000099222","0","0","0","0","23-070-0109","False","False","0.0","3/11/2023 2:30:00 AM","No Pedestrians Involved","Wet","No Unusual Conditions","Dark - Street Light","Violation Driver 1","Controls Functioning","Clear","Head On","Intersection","Other Vehicle","Not Applicable","Not Applicable","At","","True","True","55868","ELEVENTH ST","SINCLAIR FR","37.3288794","-121.8712949"
"694044","CR-0000097887","1","0","0","0","23-098-0727","False","False","0.0","4/8/2023 7:27:00 PM","No Pedestrians Involved","Dry","No Unusual Conditions","Daylight","Violation Driver 1","Controls Functioning","Clear","Broadside","Intersection","Other Vehicle","Not Applicable","Not Applicable","At","","True","True","55868","ELEVENTH ST","SINCLAIR FR","37.3288794","-121.8712949"