"CrashFactId","Name","MinorInjuries","ModerateInjuries","SevereInjuries","FatalInjuries","TcrNumber","CityDamageFlag","ShortFormFlag","Distance","CrashDateTime","PedestrianAction","RoadwaySurface","RoadwayCondition","Lighting","PrimaryCollisionFactor","TrafficControl","Weather","CollisionType","ProximityToIntersection","VehicleInvolvedWith","PedestrianDirectionFrom","PedestrianDirectionTo","DirectionFromIntersection","Comment","SpeedingFlag","HitAndRunFlag","IntersectionNumber","AStreetName","BStreetName","Latitude","Longitude"
"696035","CR-0000099170","0","0","0","0","23-197-0300","False","False","51.0","7/16/2023 8:30:00 AM","No Pedestrians Involved","Dry","No Unusual Conditions","Daylight","Violation Driver 1","Controls Functioning","Clear","Sideswipe","Non-Related","Other Vehicle","Not Applicable","Not Applicable","East Of","","False","True","115477","ALUM ROCK AV","BAYSHORE FR","37.35030429","-121.8608178"
"698790","CR-0000100071","1","0","0","0","23-357-0545","False","False","0.0","12/23/2023 3:51:00 PM","No Pedestrians Involved","Dry","No Unusual Conditions","Daylight","Violation Driver 1","Controls Functioning","Clear","Broadside","Intersection","Other Vehicle","Not Applicable","Not Applicable","At","","False","True","15014","BAYSHORE FR","SANTA CLARA ST","37.34956628","-121.8623364"
"691151","CR-0000097352","0","0","0","0","23-036-0170","True","False","624.0","2/5/2023 4:43:00 AM","No Pedestrians Involved","Wet","No Unusual Conditions","Dark - Street Light","Unknown","No Controls Present/Factor","Rain","Hit Object","Non-Related","Fixed Object","Not Applicable","Not Applicable","South Of","Signage, tree","False","True","124442","FARNSWORTH DR","SILVER CREEK VALLEY RD","37.2841058","-121.7737492"
"691127","CR-0000097323","0","0","0","0","23-032-0739","False","False","111.0","2/1/2023 6:43:00 PM","No Pedestrians Involved","Dry","No Unusual Conditions","Dark - Street Light","Violation Driver 1","No Controls Present/Factor","Clear","Rear End","Non-Related","Other Vehicle","Not Applicable","Not Applicable","North Of","","False","True","124442","FARNSWORTH DR","SILVER CREEK VALLEY RD","37.2841058","-121.7737492"
"712130","CR-0000101338","0","0","0","0","23-344-0694","False","False","0.0","12/10/2023 7:40:00 PM","No Pedestrians Involved","Dry","No Unusual Conditions","Dark - Street Light","Violation Driver 1","Controls Functioning","Clear","Rear End","Intersection","Other Vehicle","Not Applicable","Not Applicable","At","","False","True","84040","LINCOLN AV","PEDRO ST","37.31291525","-121.9044675"
"690750","CR-0000096887","0","0","0","0","23-007-0804","False","False","0.0","1/7/2023 10:35:00 PM","No Pedestrians Involved","Wet","No Unusual Conditions","Dark - Street Light","Violation Driver 1","Controls Functioning","Rain","Sideswipe","Intersection","Other Vehicle","Not Applicable","Not Applicable","At","","False","True","4113","ALMA AV","LITTLE ORCHARD ST","37.31355504","-121.8780252"
"699319","CR-0000100646","0","0","1","0","23-321-0174","False","False","184.0","11/17/2023 7:51:00 AM","In Road - Includes Shoulder","Dry","No Unusual Conditions","Daylight","Violation Driver 1","No Controls Present/Factor","Clear","Vehicle/Pedestrian","Non-Related","Pedestrian","West","East","South Of","PEDESTRIAN","True","True","4113","ALMA AV","LITTLE ORCHARD ST","37.31355504","-121.8780252"
"711915","CR-0000101546","0","0","0","0","23-343-0395","False","False","84.0","12/9/2023 11:57:00 AM","No Pedestrians Involved","Dry","No Unusual Conditions","Daylight","Violation Driver 1","Controls Functioning","Clear","Sideswipe","Non-Related","Other Vehicle","Not Applicable","Not Applicable","South Of","","False","True","47398","CURTNER AV","LA MIRADA DR","37.28182187","-121.9089284"
"696551","CR-0000099748","0","1","0","0","23-334-0805","False","False","0.0","12/13/2023 6:51:00 PM","No Pedestrians Involved","Dry","No Unusual Conditions","Dark - Street Light","Violation Driver 1","No Controls Present/Factor","Clear","Vehicle/Bike","Intersection","Bike","Not Applicable","Not Applicable","At","BIKE","False","True","28181","CALAVERAS AV/MAGNOLIA AV","PARK AV","37.33060202","-121.9200126"
"698856","CR-0000100139","0","1","0","0","23-347-0805","False","False","0.0","12/13/2023 6:51:00 PM","No Pedestrians Involved","Dry","No Unusual Conditions","Dark - Street Light","Violation Driver 1","No Controls Present/Factor","Clear","Vehicle/Bike","Intersection","Bike","Not Applicable","Not Applicable","At","BIKE","False","True","28181","CALAVERAS AV/MAGNOLIA AV","PARK AV","37.33060202","-121.9200126"
"690840","CR-0000096979","0","0","0","0","23-014-0862","False","False","141.0","1/14/2023 10:46:00 PM","No Pedestrians Involved","Wet","No Unusual Conditions","Dark - Street Light","Violation Driver 1","No Controls Present/Factor","Rain","Rear End","Non-Related","Parked Vehicle","Not Applicable","Not Applicable","North Of","","False","True","48223","DANA AV","NAGLEE AV","37.33183068","-121.9268226"
"715822","CR-0000101894","0","0","0","0","23-313-0678","False","False","0.0","11/9/2023 5:49:00 PM","No Pedestrians Involved","Dry","No Unusual Conditions","Daylight","Violation Driver 1","Controls Functioning","Clear","Rear End","Intersection","Other Vehicle","Not Applicable","Not Applicable","At","","False","True","48223","DANA AV","NAGLEE AV","37.33183068","-121.9268226"
"715823","CR-0000101738","0","0","0","0","23-243-0245","False","False","70.0","8/31/2023 8:22:00 AM","No Pedestrians Involved","Dry","No Unusual Conditions","Daylight","Violation Driver 1","No Controls Present/Factor","Clear","Sideswipe","Non-Related","Other Vehicle","Not Applicable","Not Applicable","South Of","","False","True","69387","HADLEY AV","NAGLEE AV","37.33113507","-121.9277232"
"715905","CR-0000101909","0","0","0","0","23-232-0372","False","False","375.0","8/20/2023 9:37:00 AM","No Pedestrians Involved","Dry","No Unusual Conditions","Daylight","Violation Driver 1","Unknown","Clear","Other","Non-Related","Parked Vehicle","Not Applicable","Not Applicable","West Of","","True","True","84226","LINKHORNE CT","SCHULTE DR","37.36452413","-121.8582468"
"698882","CR-0000100178","2","0","0","0","23-308-0530","False","False","0.0","11/5/2023 1:00:00 AM","No Pedestrians Involved","Dry","No Unusual Conditions","Daylight","Violation Driver 1","Unknown","Clear","Rear End","Intersection","Other Vehicle","Not Applicable","Not Applicable","At","","True","True","58013","EWER DR","ROSS AV","37.25699366","-121.9121742"
"712011","CR-0000101367","0","0","0","0","23-307-0911","False","False","66.0","11/3/2023 8:38:00 PM","No Pedestrians Involved","Dry","No Unusual Conditions","Dark - Street Light","Violation Driver 1","No Controls Present/Factor","Clear","Rear End","Non-Related","Parked Vehicle","Not Applicable","Not Applicable","West Of","","True","True","73578","HOLLY HILL DR","MCLAUGHLIN AV","37.32380064","-121.8449217"
"699462","CR-0000100767","0","0","0","0","23-186-0673","False","False","","7/5/2023 4:50:00 PM","No Pedestrians Involved","Dry","No Unusual Conditions","Daylight","Violation Driver 1","Controls Functioning","Clear","Rear End","Related","Other Vehicle","Not Applicable","Not Applicable","East Of","","True","True","28093","CAHALAN AV","SANTA TERESA BL","37.23878217","-121.8508013"
"698896","CR-0000100194","1","2","0","0","23-330-0707","True","False","0.0","11/26/2023 8:13:00 PM","No Pedestrians Involved","Dry","No Unusual Conditions","Dark - Street Light","Violation Driver 1","Controls Functioning","Clear","Broadside","Intersection","Other Vehicle","Not Applicable","Not Applicable","At","LIGHTPOLE","False","True","83071","LELAND AV/WABASH AV","SAN CARLOS ST","37.32341465","-121.9267725"
"691205","CR-0000097426","0","0","0","0","23-032-0702","False","False","148.0","2/1/2023 5:39:00 PM","No Pedestrians Involved","Dry","No Unusual Conditions","Dusk - Dawn","Violation Driver 1","No Controls Present/Factor","Clear","Rear End","Non-Related","Other Vehicle","Not Applicable","Not Applicable","East Of","","True","True","2452","ALAMEDA","HEDDING ST","37.34077147","-121.9230416"
"690731","CR-0000096868","1","0","0","0","23-032-0881","False","False","0.0","2/1/2023 10:20:00 PM","No Pedestrians Involved","Dry","No Unusual Conditions","Dark - Street Light","Violation Driver 1","Controls Functioning","Clear","Broadside","Intersection","Other Vehicle","Not Applicable","Not Applicable","At","","False","True","15070","BAYSHORE FR","OAKLAND RD","37.36257564","-121.891428"
"691284","CR-0000097529","0","0","0","0","23-036-0671","False","False","0.0","2/5/2023 6:57:00 PM","No Pedestrians Involved","Dry","No Unusual Conditions","Dark - Street Light","Violation Driver 1","Controls Functioning","Clear","Rear End","Intersection","Other Vehicle","Not Applicable","Not Applicable","At","","True","True","32911","CAPITOL EX","PEARL AV","37.27527673","-121.8704015"
"695805","CR-0000098870","1","0","0","0","23-267-0635","False","False","","9/24/2023 5:15:00 PM","No Pedestrians Involved","Dry","No Unusual Conditions","Dusk - Dawn","Violation Driver 1","Controls Functioning","Clear","Rear End","Related","Other Vehicle","Not Applicable","Not Applicable","North Of","","False","True","32911","CAPITOL EX","PEARL AV","37.27527673","-121.8704015"
"715926","CR-0000101948","0","0","0","0","23-227-0937","False","False","57.0","8/15/2023 8:59:00 PM","No Pedestrians Involved","Dry","No Unusual Conditions","Dark - Street Light","Violation Driver 1","Controls Functioning","Clear","Rear End","Non-Related","Other Vehicle","Not Applicable","Not Applicable","West Of","","False","True","126158","CAPITOL EX","GUADALUPE FR","37.27464598","-121.8636704"
"695988","CR-0000099123","0","0","0","0","23-214-1041","False","False","0.0","8/2/2023 11:40:00 PM","No Pedestrians Involved","Dry","No Unusual Conditions","Dark - Street Light","Violation Driver 1","Controls Functioning","Clear","Sideswipe","Intersection","Other Vehicle","Not Applicable","Not Applicable","At","","False","True","126158","CAPITOL EX","GUADALUPE FR","37.27464598","-121.8636704"
"695867","CR-0000098932","0","0","0","0","23-092-0516","False","False","0.0","4/2/2023 3:30:00 PM","No Pedestrians Involved","Dry","No Unusual Conditions","Daylight","Violation Driver 1","Controls Functioning","Clear","Rear End","Intersection","Other Vehicle","Not Applicable","Not Applicable","At","","True","True","126158","CAPITOL EX","GUADALUPE FR","37.27464598","-121.8636704"
"696113","CR-0000099254","0","0","0","0","23-233-0800","False","False","47.0","8/21/2023 7:19:00 PM","No Pedestrians Involved","Dry","No Unusual Conditions","Dark - Street Light","Violation Driver 1","Controls Functioning","Clear","Sideswipe","Related","Other Vehicle","Not Applicable","Not Applicable","West Of","","False","True","37861","CHERRY AV","SPEAK LN","37.25856977","-121.8780994"
"699172","CR-0000100491","0","0","0","0","23-153-0779","False","False","0.0","6/2/2023 7:02:00 PM","No Pedestrians Involved","Dry","No Unusual Conditions","Daylight","Violation Driver 1","No Controls Present/Factor","Clear","Sideswipe","Intersection","Other Vehicle","Not Applicable","Not Applicable","At","","False","True","66637","GLEN UNA AV","LAURIE AV","37.29780897","-121.8893895"
"694385","CR-0000098329","0","0","0","0","23-167-0976","False","False","194.0","6/16/2023 9:37:00 PM","No Pedestrians Involved","Dry","No Unusual Conditions","Dark - Street Light","Violation Driver 1","Controls Functioning","Clear","Sideswipe","Non-Related","Other Vehicle","Not Applicable","Not Applicable","West Of","","False","True","4058","ALMA AV","ALMADEN AV/EX","37.31318987","-121.8785522"
"696427","CR-0000099604","1","0","0","0","23-279-0676","False","False","0.0","10/6/2023 5:49:00 PM","No Pedestrians Involved","Dry","No Unusual Conditions","Daylight","Violation Driver 1","Controls Functioning","Clear","Rear End","Intersection","Other Vehicle","Not Applicable","Not Applicable","At","","True","True","4058","ALMA AV","ALMADEN AV/EX","37.31318987","-121.8785522"
"698682","CR-0000099920","2","0","0","0","23-242-0884","False","False","0.0","8/30/2023 7:30:00 PM","No Pedestrians Involved","Dry","No Unusual Conditions","Dark - Street Light","Violation Driver 1","Controls Functioning","Clear","Rear End","Intersection","Other Vehicle","Not Applicable","Not Applicable","At","","False","True","38422","CHESTNUT ST","UNIVERSITY AV","37.3444054","-121.9153116"
"694380","CR-0000098324","0","0","0","0","23-166-0876","False","False","51.0","6/15/2023 8:31:00 PM","No Pedestrians Involved","Dry","No Unusual Conditions","Dark - Street Light","Unknown","Controls Functioning","Clear","Sideswipe","Non-Related","Parked Vehicle","Not Applicable","Not Applicable","South Of","","False","True","41348","COLEMAN AV","HEDDING ST","37.34625725","-121.9151893"
"690949","CR-0000097119","0","0","0","0","23-046-0546","False","False","162.0","2/15/2023 1:54:00 PM","No Pedestrians Involved","Dry","No Unusual Conditions","Daylight","Violation Driver 1","Controls Functioning","Clear","Sideswipe","Non-Related","Other Vehicle","Not Applicable","Not Applicable","South Of","","True","True","41348","COLEMAN AV","HEDDING ST","37.34625725","-121.9151893"
"698684","CR-0000099922","0","1","0","0","23-219-0215","False","False","56.0","8/7/2023 7:15:00 AM","No Pedestrians Involved","Dry","No Unusual Conditions","Daylight","Violation Driver 1","Controls Functioning","Clear","Broadside","Non-Related","Other Vehicle","Not Applicable","Not Applicable","South Of","","True","True","41348","COLEMAN AV","HEDDING ST","37.34625725","-121.9151893"
"696536","CR-0000099723","1","0","1","0","23-343-0855","False","False","0.0","12/9/2023 8:47:00 PM","No Pedestrians Involved","Dry","No Unusual Conditions","Dark - Street Light","Violation Driver 1","Controls Functioning","Clear","Head On","Intersection","Other Vehicle","Not Applicable","Not Applicable","At","","False","True","41293","COLEMAN AV","EMORY ST","37.34425218","-121.9129946"
"699054","CR-0000100360","1","0","0","0","23-198-0713","False","False","0.0","7/17/2023 6:30:00 PM","No Pedestrians Involved","Dry","No Unusual Conditions","Daylight","Violation Driver 1","No Controls Present/Factor","Clear","Broadside","Intersection","Other Vehicle","Not Applicable","Not Applicable","At","","False","True","50181","DELMAS AV","VIRGINIA ST","37.31999469","-121.8929452"
"695817","CR-0000098882","1","0","0","0","23-262-0906","False","False","0.0","9/19/2023 11:28:00 PM","No Pedestrians Involved","Dry","No Unusual Conditions","Dark - Street Light Not Functioning","Violation Driver 1","Controls Functioning","Clear","Vehicle/Bike","Intersection","Bike","Not Applicable","Not Applicable","At","E.SCOOTER","False","True","62974","FOURTH ST","SAN CARLOS ST","37.33300327","-121.8839304"
"690942","CR-0000097112","0","0","0","0","23-041-0349","False","False","232.0","2/10/2023 10:57:00 AM","No Pedestrians Involved","Dry","No Unusual Conditions","Daylight","Violation Driver 1","Controls Functioning","Cloudy","Sideswipe","Non-Related","Other Vehicle","Not Applicable","Not Applicable","East Of","","False","True","69080","GUADALUPE FR/PLEASANT ST","JULIAN ST","37.33647832","-121.8987375"
"690930","CR-0000097094","2","0","0","0","23-034-0186","False","False","0.0","2/3/2023 7:45:00 AM","No Pedestrians Involved","Dry","No Unusual Conditions","Daylight","Violation Driver 1","Controls Functioning","Clear","Rear End","Intersection","Other Vehicle","Not Applicable","Not Applicable","At","","False","True","69080","GUADALUPE FR/PLEASANT ST","JULIAN ST","37.33647832","-121.8987375"
"696291","CR-0000099447","2","0","0","0","23-286-1012","False","False","0.0","10/13/2023 11:17:00 PM","No Pedestrians Involved","Dry","No Unusual Conditions","Dark - Street Light","Violation Driver 1","No Controls Present/Factor","Clear","Broadside","Intersection","Other Vehicle","Not Applicable","Not Applicable","At","","False","True","111825","THIRTEENTH ST","WASHINGTON ST","37.34857579","-121.8829573"
"690661","CR-0000096784","0","0","0","0","23-004-0070","False","False","0.0","1/4/2023 2:35:00 AM","No Pedestrians Involved","Dry","No Unusual Conditions","Dark - Street Light","Violation Driver 1","No Controls Present/Factor","Clear","Rear End","Intersection","Parked Vehicle","Not Applicable","Not Applicable","At","","False","True","110285","ST ELIZABETH DR","STOKES ST","37.30475624","-121.9164324"
"699108","CR-0000100424","0","0","0","0","23-171-0478","False","False","485.0","6/20/2023 1:49:00 PM","No Pedestrians Involved","Dry","No Unusual Conditions","Daylight","Violation Driver 1","No Controls Present/Factor","Clear","Broadside","Non-Related","Other Vehicle","Not Applicable","Not Applicable","South Of","","False","True","63942","FRUITDALE AV","MERIDIAN AV","37.31078767","-121.9138562"
"691326","CR-0000097573","0","0","0","0","23-066-0492","False","False","0.0","3/7/2023 2:25:00 PM","Crossing In Crosswalk - At Intersection","Dry","No Unusual Conditions","Daylight","Violation Driver 1","Controls Functioning","Clear","Vehicle/Pedestrian","Intersection","Pedestrian","South","North","At","PED","False","True","64020","FRUITDALE AV","ST ELIZABETH DR","37.31069782","-121.915687"
"691150","CR-0000097351","0","0","0","0","23-036-0144","True","False","0.0","2/5/2023 3:28:00 AM","No Pedestrians Involved","Dry","No Unusual Conditions","Dark - Street Light","Violation Driver 1","Controls Functioning","Clear","Hit Object","Intersection","Fixed Object","Not Applicable","Not Applicable","At","Traffic signal pole","False","True","114993","HELLYER AV","SILVER CREEK VALLEY RD","37.26028992","-121.7836766"
"692377","CR-0000097659","0","0","0","0","23-066-0060","True","False","142.0","3/7/2023 1:57:00 AM","No Pedestrians Involved","Wet","No Unusual Conditions","Dark - Street Light","Unknown","No Controls Present/Factor","Rain","Hit Object","Non-Related","Fixed Object","Not Applicable","Not Applicable","North Of","Metal guardrail","False","True","131152","LARKSPUR CANYON DR","SAN FELIPE RD","37.28874488","-121.7653527"
"690581","CR-0000096702","1","0","0","0","23-006-0729","False","False","255.0","1/6/2023 6:26:00 PM","No Pedestrians Involved","Dry","No Unusual Conditions","Dark - Street Light","Violation Driver 1","No Controls Present/Factor","Clear","Rear End","Non-Related","Other Vehicle","Not Applicable","Not Applicable","North Of","","False","True","63403","FOXWORTHY AV","MERIDIAN AV","37.27071411","-121.905793"
"694518","CR-0000098512","2","0","0","0","23-160-0706","False","False","178.0","6/9/2023 6:20:00 PM","No Pedestrians Involved","Dry","No Unusual Conditions","Daylight","Violation Driver 1","No Controls Present/Factor","Clear","Sideswipe","Non-Related","Other Vehicle","Not Applicable","Not Applicable","North Of","","False","True","21691","BONITA AV","SUNNY CT","37.34272027","-121.8575495"
"699386","CR-0000100713","0","0","0","0","23-190-0697","False","False","219.0","7/9/2023 7:13:00 PM","No Pedestrians Involved","Dry","No Unusual Conditions","Dark - Street Light","Violation Driver 1","No Controls Present/Factor","Clear","Sideswipe","Non-Related","Parked Vehicle","Not Applicable","Not Applicable","North Of","","False","True","110340","ST JAMES ST","THIRTY FIRST ST","37.35351426","-121.863895"
"696398","CR-0000099575","0","0","0","0","23-150-0851","False","False","110.0","5/30/2023 8:26:00 PM","No Pedestrians Involved","Dry","No Unusual Conditions","Dusk - Dawn","Violation Driver 1","Unknown","Clear","Broadside","Non-Related","Parked Vehicle","Not Applicable","Not Applicable","South Of","","True","True","130096","ALMADEN EX","SHADOW RUN DR","37.31063097","-121.8784707"
"711890","CR-0000100940","1","0","0","0","23-189-0275","False","False","0.0","7/8/2023 8:15:00 AM","No Pedestrians Involved","Dry","No Unusual Conditions","Daylight","Violation Driver 1","No Controls Present/Factor","Clear","Rear End","Intersection","Other Vehicle","Not Applicable","Not Applicable","At","","True","True","56902","EMPIRE ST","SEVENTH ST","37.34783377","-121.8906286"
"712032","CR-0000100844","0","0","0","0","23-183-0573","False","False","313.0","7/2/2023 3:30:00 PM","No Pedestrians Involved","Dry","No Unusual Conditions","Daylight","Violation Driver 1","No Controls Present/Factor","Clear","Head On","Non-Related","Other Vehicle","Not Applicable","Not Applicable","South Of","","True","True","38675","CHIECHI AV","SCOTT ST","37.3196673","-121.9181006"
"711670","CR-0000101287","0","0","0","0","23-226-0880","False","False","0.0","8/14/2023 8:05:00 PM","No Pedestrians Involved","Dry","No Unusual Conditions","Dark - Street Light","Violation Driver 1","Controls Functioning","Clear","Sideswipe","Intersection","Other Vehicle","Not Applicable","Not Applicable","At","","False","True","98504","PARK AV","RACE ST/TILLMAN AV","37.32600913","-121.9115795"
"698687","CR-0000099935","1","0","0","0","23-231-0344","False","False","0.0","8/19/2023 12:16:00 PM","No Pedestrians Involved","Dry","No Unusual Conditions","Daylight","Violation Driver 1","Controls Functioning","Clear","Broadside","Intersection","Other Vehicle","Not Applicable","Not Applicable","At","","False","True","107216","SANTA CLARA ST","TWENTY FIRST ST","37.34564423","-121.8706162"
"698798","CR-0000100079","0","1","0","0","23-354-0649","False","False","206.0","12/20/2023 5:30:00 PM","In Road - Includes Shoulder","Wet","No Unusual Conditions","Dark - Street Light","Pedestrian At Fault","Controls Functioning","Clear","Vehicle/Pedestrian","Non-Related","Pedestrian","West","East","South Of","PED","False","True","26971","BULLDOG BL","TWENTY FOURTH ST","37.34949191","-121.8701756"
"695811","CR-0000098876","2","0","0","0","23-246-0676","False","False","0.0","9/3/2023 6:28:00 PM","No Pedestrians Involved","Dry","No Unusual Conditions","Dusk - Dawn","Violation Driver 1","Controls Functioning","Clear","Broadside","Intersection","Other Vehicle","Not Applicable","Not Applicable","At","","False","True","103487","VINE ST","REED ST/JUNIPERO SERRA FR","37.32519195","-121.8880912"
"691354","CR-0000097602","1","0","0","0","23-078-0620","False","False","0.0","3/19/2023 6:42:00 PM","No Pedestrians Involved","Dry","No Unusual Conditions","Daylight","Violation Driver 1","No Controls Present/Factor","Clear","Sideswipe","Intersection","Other Vehicle","Not Applicable","Not Applicable","At","","False","True","83852","LINCOLN AV","LINCOLN CT","37.29177716","-121.8889956"
"696283","CR-0000099439","0","1","0","0","23-290-0556","False","False","0.0","10/17/2023 2:59:00 PM","Not In Road","Dry","No Unusual Conditions","Dusk - Dawn","Violation Driver 1","No Controls Present/Factor","Clear","Vehicle/Pedestrian","Intersection","Pedestrian","South","North","At","PED","True","True","110549","ST JOHN ST","TWENTY SEVENTH ST","37.34971265","-121.8663115"
"699396","CR-0000100725","0","0","0","0","23-191-0991","False","False","0.0","7/10/2023 10:51:00 PM","No Pedestrians Involved","Dry","No Unusual Conditions","Dark - Street Light","Violation Driver 1","Controls Functioning","Clear","Sideswipe","Intersection","Other Vehicle","Not Applicable","Not Applicable","At","","False","True","17643","BERRYESSA RD","SEVENTEENTH ST","37.36213747","-121.8880141"
"699196","CR-0000100516","0","0","0","0","23-174-0304","False","False","0.0","6/23/2023 9:05:00 AM","No Pedestrians Involved","Dry","No Unusual Conditions","Daylight","Unknown","No Controls Present/Factor","Clear","Head On","Intersection","Parked Vehicle","Not Applicable","Not Applicable","At","","True","True","42382","COMMERCIAL ST","FIFTH ST","37.35966677","-121.9023294"
"690781","CR-0000096919","0","0","0","0","23-024-0968","False","False","50.0","1/24/2023 10:19:00 PM","No Pedestrians Involved","Wet","No Unusual Conditions","Dark - Street Light","Violation Driver 1","No Controls Present/Factor","Clear","Head On","Related","Parked Vehicle","Not Applicable","Not Applicable","North Of","","False","True","74623","HUMBOLDT ST","SIXTH ST","37.32082545","-121.8719227"
"699170","CR-0000100489","0","0","0","0","23-176-0752","False","False","0.0","6/25/2023 7:44:00 PM","No Pedestrians Involved","Dry","No Unusual Conditions","Daylight","Violation Driver 1","Controls Functioning","Clear","Broadside","Intersection","Train","Not Applicable","Not Applicable","At","","True","True","108019","SECOND ST","ST JOHN ST","37.33816544","-121.8906296"
"699025","CR-0000100331","1","0","0","0","23-197-0509","False","False","27.0","10/24/2023 2:24:00 PM","No Pedestrians Involved","Dry","No Unusual Conditions","Daylight","Violation Driver 1","Controls Functioning","Clear","Rear End","Related","Other Vehicle","Not Applicable","Not Applicable","West Of","","True","True","106061","SAN CARLOS ST","SECOND ST","37.33201663","-121.886017"
"699150","CR-0000100467","0","0","0","0","23-170-0488","False","False","0.0","6/19/2023 1:30:00 PM","No Pedestrians Involved","Dry","No Unusual Conditions","Daylight","Violation Driver 1","Controls Functioning","Clear","Broadside","Intersection","Other Vehicle","Not Applicable","Not Applicable","At","","False","True","79100","KEYES ST","SEVENTH ST","37.32271948","-121.8719277"
"697580","CR-0000099792","0","0","1","0","23-263-0088","False","False","0.0","9/20/2023 3:35:00 AM","No Pedestrians Involved","Dry","No Unusual Conditions","Dark - Street Light","Violation Driver 1","Controls Functioning","Clear","Vehicle/Bike","Intersection","Bike","Not Applicable","Not Applicable","At","","False","True","79100","KEYES ST","SEVENTH ST","37.32271948","-121.8719277"
"712195","CR-0000101626","0","0","0","0","23-304-0864","False","False","0.0","10/31/2023 10:01:00 PM","No Pedestrians Involved","Dry","No Unusual Conditions","Dark - Street Light","Violation Driver 1","Controls Functioning","Clear","Sideswipe","Intersection","Other Vehicle","Not Applicable","Not Applicable","At","","False","True","79100","KEYES ST","SEVENTH ST","37.32271948","-121.8719277"
"696139","CR-0000099281","0","0","0","0","23-240-0950","False","False","0.0","8/28/2023 9:28:00 PM","No Pedestrians Involved","Dry","No Unusual Conditions","Dark - Street Light","Unknown","Controls Functioning","Clear","Rear End","Intersection","Other Vehicle","Not Applicable","Not Applicable","At","","False","True","89583","MCKEE RD","THIRTY FOURTH ST","37.35674451","-121.8626901"
"697584","CR-0000099797","0","0","0","0","23-145-0096","False","False","103.0","5/25/2023 3:03:00 AM","No Pedestrians Involved","Dry","No Unusual Conditions","Dark - Street Light","Violation Driver 1","Controls Functioning","Clear","Sideswipe","Non-Related","Parked Vehicle","Not Applicable","Not Applicable","South Of","","False","True","55736","ELEVENTH ST","JULIAN ST","37.34557206","-121.8832435"
"691301","CR-0000097546","0","0","0","0","23-060-0185","False","False","120.0","3/1/2023 8:29:00 AM","No Pedestrians Involved","Dry","No Unusual Conditions","Daylight","Violation Driver 1","No Controls Present/Factor","Clear","Rear End","Non-Related","Other Vehicle","Not Applicable","Not Applicable","West Of","","False","True","20173","BLOSSOM HILL RD","JUDITH ST","37.25139826","-121.8250743"
"694582","CR-0000098606","0","1","0","0","23-186-0061","False","False","0.0","7/5/2023 1:00:00 AM","No Pedestrians Involved","Dry","No Unusual Conditions","Dark - Street Light","Violation Driver 1","Controls Functioning","Clear","Rear End","Intersection","Other Vehicle","Not Applicable","Not Applicable","At","","True","True","59927","FIFTH ST","ST JAMES ST","37.34111619","-121.88851"
"697572","CR-0000099783","0","0","0","0","23-144-1069","False","False","490.0","5/24/2023 11:25:00 PM","No Pedestrians Involved","Dry","No Unusual Conditions","Dark - Street Light","Violation Driver 1","No Controls Present/Factor","Clear","Sideswipe","Non-Related","Parked Vehicle","Not Applicable","Not Applicable","North Of","","False","True","103553","REMILLARD CT","STORY RD","37.32785066","-121.8609079"
"694575","CR-0000098599","1","1","0","0","23-182-0782","False","False","0.0","7/1/2023 6:30:00 PM","No Pedestrians Involved","Dry","No Unusual Conditions","Daylight","Violation Driver 1","Controls Functioning","Clear","Broadside","Intersection","Other Vehicle","Not Applicable","Not Applicable","At","","False","True","113178","VINE ST","VIRGINIA ST","37.32161894","-121.8856406"
"696190","CR-0000099334","0","0","0","0","23-099-0061","False","False","52.0","4/9/2023 12:30:00 AM","No Pedestrians Involved","Dry","No Unusual Conditions","Dark - Street Light","Violation Driver 1","No Controls Present/Factor","Clear","Rear End","Non-Related","Parked Vehicle","Not Applicable","Not Applicable","North Of","","False","True","103608","REMINGTON WY","WINWOOD WY","37.32533646","-121.7869071"