"CrashFactId","Name","MinorInjuries","ModerateInjuries","SevereInjuries","FatalInjuries","TcrNumber","CityDamageFlag","ShortFormFlag","Distance","CrashDateTime","PedestrianAction","RoadwaySurface","RoadwayCondition","Lighting","PrimaryCollisionFactor","TrafficControl","Weather","CollisionType","ProximityToIntersection","VehicleInvolvedWith","PedestrianDirectionFrom","PedestrianDirectionTo","DirectionFromIntersection","Comment","SpeedingFlag","HitAndRunFlag","IntersectionNumber","AStreetName","BStreetName","Latitude","Longitude"
"711938","CR-0000101430","1","0","1","0","23-364-0775","False","False","0.0","12/30/2023 10:46:00 PM","No Pedestrians Involved","Dry","No Unusual Conditions","Dark - Street Light","Violation Driver 1","Controls Functioning","Clear","Broadside","Intersection","Other Vehicle","Not Applicable","Not Applicable","At","","True","True","116324","BERNAL RD","MONTEREY RD","37.23882655","-121.7743851"
"694387","CR-0000098331","0","0","1","0","23-167-0869","False","False","281.0","6/16/2023 7:36:00 PM","Crossing - Not In Crosswalk","Dry","No Unusual Conditions","Dusk - Dawn","Pedestrian At Fault","Controls Functioning","Clear","Vehicle/Pedestrian","Non-Related","Pedestrian","West","East","North Of","PED","False","True","17181","BERNAL RD","SAN IGNACIO AV","37.23261168","-121.7722343"
"699384","CR-0000100711","0","0","0","0","23-206-0782","False","False","260.0","7/22/2023 8:00:00 PM","No Pedestrians Involved","Dry","No Unusual Conditions","Dark - Street Light","Violation Driver 1","Controls Functioning","Clear","Sideswipe","Non-Related","Other Vehicle","Not Applicable","Not Applicable","North Of","","False","True","17181","BERNAL RD","SAN IGNACIO AV","37.23261168","-121.7722343"
"712144","CR-0000101030","0","0","0","0","23-250-0524","False","False","0.0","9/7/2023 2:22:00 PM","No Pedestrians Involved","Dry","No Unusual Conditions","Daylight","Violation Driver 1","Controls Functioning","Clear","Sideswipe","Intersection","Other Vehicle","Not Applicable","Not Applicable","At","","False","True","17181","BERNAL RD","SAN IGNACIO AV","37.23261168","-121.7722343"
"712229","CR-0000101672","0","0","0","0","23-331-0778","False","False","18.0","11/27/2023 4:56:00 PM","No Pedestrians Involved","Dry","No Unusual Conditions","Dusk - Dawn","Violation Driver 1","Controls Functioning","Clear","Head On","Related","Other Vehicle","Not Applicable","Not Applicable","South Of","","False","True","84127","LINCOLN AV","WILLOW ST","37.30846839","-121.9010776"
"711658","CR-0000101540","0","0","0","0","23-343-0433","False","False","255.0","12/9/2023 12:40:00 PM","No Pedestrians Involved","Dry","No Unusual Conditions","Daylight","Violation Driver 1","Controls Functioning","Clear","Rear End","Non-Related","Other Vehicle","Not Applicable","Not Applicable","South Of","","True","True","84127","LINCOLN AV","WILLOW ST","37.30846839","-121.9010776"
"699152","CR-0000100471","0","0","0","0","23-160-0378","False","False","","6/9/2023 12:41:00 PM","No Pedestrians Involved","Dry","No Unusual Conditions","Daylight","Violation Driver 1","No Controls Present/Factor","Clear","Vehicle/Bike","Related","Bike","Not Applicable","Not Applicable","West Of","BIKE","False","True","4730","ALMADEN EX","FOXWORTHY AV","37.27800555","-121.8800391"
"711856","CR-0000101348","0","0","0","0","23-251-0507","False","False","85.0","9/8/2023 1:55:00 PM","No Pedestrians Involved","Dry","No Unusual Conditions","Daylight","Violation Driver 1","No Controls Present/Factor","Clear","Vehicle/Bike","Non-Related","Bike","Not Applicable","Not Applicable","East Of","BIKE","False","True","4730","ALMADEN EX","FOXWORTHY AV","37.27800555","-121.8800391"
"711766","CR-0000101001","0","0","0","0","23-268-0084","False","False","457.0","9/25/2023 2:54:00 AM","No Pedestrians Involved","Dry","No Unusual Conditions","Dark - Street Light","Violation Driver 1","No Controls Present/Factor","Clear","Hit Object","Non-Related","Fixed Object","Not Applicable","Not Applicable","South Of","CURB","True","True","87009","MAGLIOCCO DR","WINCHESTER BL","37.31312768","-121.9500809"
"716034","CR-0000101860","0","0","0","0","23-153-4000","False","True","51.0","5/20/2023 6:00:00 PM","No Pedestrians Involved","Unknown","Unknown","Unknown","Unknown","Unknown","Unknown","Rear End","Non-Related","Other Vehicle","Not Applicable","Not Applicable","West Of","","False","True","27081","BURDETTE DR","KING RD","37.32079655","-121.8244018"
"694620","CR-0000098653","0","0","0","0","23-207-0718","False","False","0.0","7/26/2023 5:43:00 PM","No Pedestrians Involved","Dry","No Unusual Conditions","Daylight","Violation Driver 1","Controls Functioning","Clear","Vehicle/Bike","Intersection","Bike","Not Applicable","Not Applicable","At","BIKE","False","True","6401","ALVIN AV/LANAI AV","TULLY RD","37.320302","-121.8289065"
"698868","CR-0000100153","0","1","0","0","23-120-0807","False","False","21.0","4/30/2023 9:41:00 PM","No Pedestrians Involved","Dry","No Unusual Conditions","Dark - Street Light","Unknown","Controls Functioning","Clear","Vehicle/Bike","Related","Bike","Not Applicable","Not Applicable","North Of","BIKE","False","True","6401","ALVIN AV/LANAI AV","TULLY RD","37.320302","-121.8289065"
"696081","CR-0000099216","0","0","0","0","23-059-0780","False","False","0.0","2/28/2023 9:11:00 PM","No Pedestrians Involved","Wet","No Unusual Conditions","Dark - Street Light","Violation Driver 1","Controls Functioning","Rain","Rear End","Intersection","Other Vehicle","Not Applicable","Not Applicable","At","","True","True","6368","ALVIN AV","FONTAINE RD","37.31950981","-121.8279372"
"712071","CR-0000100980","0","0","0","0","23-244-0120","False","False","598.0","9/1/2023 2:49:00 AM","No Pedestrians Involved","Dry","Unknown","Dark - Street Light","Violation Driver 1","No Controls Present/Factor","Clear","Hit Object","Non-Related","Fixed Object","Not Applicable","Not Applicable","West Of","FENCE","True","True","6368","ALVIN AV","FONTAINE RD","37.31950981","-121.8279372"
"712245","CR-0000101691","0","0","0","0","23-228-0667","False","False","265.0","11/24/2023 8:57:00 PM","No Pedestrians Involved","Dry","No Unusual Conditions","Dark - Street Light","Violation Driver 1","Controls Functioning","Clear","Rear End","Non-Related","Other Vehicle","Not Applicable","Not Applicable","West Of","","True","True","6192","ALUM ROCK AV","WHITE RD","37.36583176","-121.8280218"
"692374","CR-0000097656","0","0","0","0","23-066-0083","False","False","92.0","3/7/2023 3:02:00 AM","No Pedestrians Involved","Wet","No Unusual Conditions","Dark - Street Light","Violation Driver 1","No Controls Present/Factor","Rain","Hit Object","Non-Related","Fixed Object","Not Applicable","Not Applicable","West Of","Fence","True","True","143935","DORIS AV","WILBUR AV","37.35963191","-121.8277212"
"715938","CR-0000101885","0","0","0","0","23-332-0782","False","False","150.0","11/28/2023 7:02:00 PM","No Pedestrians Involved","Dry","No Unusual Conditions","Dark - Street Light","Violation Driver 1","No Controls Present/Factor","Clear","Rear End","Non-Related","Other Vehicle","Not Applicable","Not Applicable","East Of","","True","True","6115","ALUM ROCK AV","PALA AV","37.36261189","-121.8348294"
"699118","CR-0000100434","0","0","0","0","23-157-0925","False","False","0.0","6/6/2023 9:20:00 PM","No Pedestrians Involved","Unknown","No Unusual Conditions","Unknown","Violation Driver 1","Unknown","Unknown","Broadside","Intersection","Other Vehicle","Not Applicable","Not Applicable","At","","False","True","79463","KING RD","MARSH ST","37.33805345","-121.8413046"
"690941","CR-0000097111","1","0","0","0","23-050-0486","False","False","51.0","2/19/2023 2:32:00 PM","No Pedestrians Involved","Dry","No Unusual Conditions","Daylight","Violation Driver 1","No Controls Present/Factor","Clear","Rear End","Non-Related","Parked Vehicle","Not Applicable","Not Applicable","West Of","","True","True","79463","KING RD","MARSH ST","37.33805345","-121.8413046"
"715829","CR-0000101736","0","0","0","0","23-238-0710","False","False","0.0","8/26/2023 6:34:00 PM","No Pedestrians Involved","Dry","No Unusual Conditions","Daylight","Violation Driver 1","Controls Functioning","Clear","Rear End","Intersection","Other Vehicle","Not Applicable","Not Applicable","South Of","","True","True","80519","KNOX AV","STORY RD","37.33827514","-121.8455267"
"695794","CR-0000098859","0","1","0","0","23-265-0192","False","False","20.0","9/22/2023 7:45:00 AM","No Pedestrians Involved","Dry","No Unusual Conditions","Unknown","Violation Driver 1","Controls Functioning","Clear","Vehicle/Bike","Related","Bike","Not Applicable","Not Applicable","West Of","BIKE","False","True","99505","PAYNE AV","SPAICH DR","37.30131211","-121.9620779"
"690718","CR-0000096855","0","0","0","0","23-024-0910","False","False","231.0","1/24/2023 8:28:00 PM","No Pedestrians Involved","Dry","No Unusual Conditions","Dark - Street Light","Violation Driver 1","No Controls Present/Factor","Clear","Rear End","Non-Related","Parked Vehicle","Not Applicable","Not Applicable","West Of","","True","True","14190","BASCOM AV","WHITETHORNE DR","37.30061534","-121.9316997"
"690716","CR-0000096853","0","0","0","0","23-027-0631","False","False","534.0","1/27/2023 5:00:00 PM","No Pedestrians Involved","Dry","No Unusual Conditions","Daylight","Violation Driver 1","Controls Functioning","Clear","Rear End","Non-Related","Parked Vehicle","Not Applicable","Not Applicable","East Of","","True","True","74480","HUFF AV","MAGLIOCCO DR","37.31313137","-121.9487592"
"692401","CR-0000097684","0","0","0","0","23-080-0555","False","False","90.0","3/21/2023 3:19:00 PM","No Pedestrians Involved","Wet","Other","Daylight","Violation Driver 1","No Controls Present/Factor","Rain","Head On","Non-Related","Other Vehicle","Not Applicable","Not Applicable","West Of","","False","True","52106","DOWNING AV","GINGER LN","37.30520376","-121.9367075"
"699093","CR-0000100408","0","0","0","0","23-165-0254","False","False","59.0","6/14/2023 9:55:00 AM","No Pedestrians Involved","Dry","No Unusual Conditions","Daylight","Violation Driver 1","No Controls Present/Factor","Clear","Hit Object","Non-Related","Fixed Object","Not Applicable","Not Applicable","East Of","Vehicle doing donuts","False","True","86294","LYNN AV","MARSH ST","37.33604194","-121.8445389"
"691331","CR-0000097578","0","0","1","0","23-068-0697","False","False","0.0","3/9/2023 7:00:00 PM","Crossing - Not In Crosswalk","Wet","No Unusual Conditions","Dark - Street Light","Violation Driver 1","No Controls Present/Factor","Rain","Vehicle/Pedestrian","Intersection","Pedestrian","North","South","At","PED","False","True","61390","FLINT AV","TULLY RD","37.3374902","-121.7916805"
"698639","CR-0000099864","0","1","0","0","23-237-1028","False","False","0.0","8/25/2023 11:40:00 PM","No Pedestrians Involved","Dry","No Unusual Conditions","Dark - Street Light Not Functioning","Violation Driver 1","Controls Functioning","Clear","Broadside","Intersection","Other Vehicle","Not Applicable","Not Applicable","At","","False","True","6049","ALUM ROCK AV","KING RD","37.35280223","-121.8555274"
"695957","CR-0000099090","0","0","0","0","23-242-0347","False","False","150.0","8/30/2023 10:27:00 AM","No Pedestrians Involved","Dry","No Unusual Conditions","Daylight","Violation Driver 1","No Controls Present/Factor","Clear","Sideswipe","Non-Related","Other Vehicle","Not Applicable","Not Applicable","West Of","","False","True","6049","ALUM ROCK AV","KING RD","37.35280223","-121.8555274"
"696045","CR-0000099180","0","0","0","0","23-209-0646","False","False","","7/28/2023 7:00:00 PM","No Pedestrians Involved","Dry","No Unusual Conditions","Daylight","Violation Driver 1","Controls Functioning","Clear","Sideswipe","Related","Other Vehicle","Not Applicable","Not Applicable","East Of","","True","True","6049","ALUM ROCK AV","KING RD","37.35280223","-121.8555274"
"691172","CR-0000097374","0","0","0","0","23-048-0756","False","False","0.0","2/17/2023 7:10:00 PM","No Pedestrians Involved","Dry","No Unusual Conditions","Dark - Street Light","Violation Driver 1","Controls Functioning","Clear","Head On","Intersection","Other Vehicle","Not Applicable","Not Applicable","At","","False","True","20338","BLOSSOM HILL RD","SANTA TERESA BL","37.2503584","-121.8588765"
"715868","CR-0000101853","0","0","0","0","23-143-4002","False","True","51.0","5/23/2023 11:45:00 AM","No Pedestrians Involved","Unknown","Unknown","Unknown","Unknown","Unknown","Unknown","Rear End","Non-Related","Other Vehicle","Not Applicable","Not Applicable","West Of","","False","True","20338","BLOSSOM HILL RD","SANTA TERESA BL","37.2503584","-121.8588765"
"691210","CR-0000097431","0","0","1","1","23-085-0692","False","False","0.0","3/26/2023 6:50:00 PM","Crossing In Crosswalk - At Intersection","Dry","No Unusual Conditions","Daylight","Violation Driver 1","Controls Functioning","Clear","Vehicle/Pedestrian","Intersection","Pedestrian","North","South","At","PED & BIKE","True","True","20228","BLOSSOM HILL RD","LEIGH AV","37.23618653","-121.9226111"
"695876","CR-0000098968","0","0","0","0","23-095-0558","False","False","0.0","4/5/2023 3:19:00 PM","No Pedestrians Involved","Dry","No Unusual Conditions","Daylight","Violation Driver 1","Controls Functioning","Clear","Sideswipe","Intersection","Other Vehicle","Not Applicable","Not Applicable","At","","False","True","20228","BLOSSOM HILL RD","LEIGH AV","37.23618653","-121.9226111"
"698894","CR-0000100192","0","1","0","0","23-322-0614","False","False","178.0","11/18/2023 4:27:00 PM","No Pedestrians Involved","Wet","No Unusual Conditions","Dusk - Dawn","Violation Driver 1","Controls Functioning","Cloudy","Vehicle/Bike","Non-Related","Bike","Not Applicable","Not Applicable","East Of","BIKE","True","True","20228","BLOSSOM HILL RD","LEIGH AV","37.23618653","-121.9226111"
"695966","CR-0000099099","0","0","0","0","23-214-0994","False","False","120.0","8/2/2023 10:50:00 PM","No Pedestrians Involved","Dry","No Unusual Conditions","Dark - Street Light","Violation Driver 1","No Controls Present/Factor","Clear","Sideswipe","Non-Related","Parked Vehicle","Not Applicable","Not Applicable","West Of","","True","True","83181","LENNON WY","LINCOLN AV","37.29409369","-121.8906193"
"712075","CR-0000101373","0","0","0","0","23-308-0122","False","False","0.0","11/4/2023 2:59:00 AM","No Pedestrians Involved","Dry","No Unusual Conditions","Dark - Street Light","Violation Driver 1","Controls Functioning","Clear","Broadside","Intersection","Parked Vehicle","Not Applicable","Not Applicable","At","","True","True","23583","BRANHAM LANE EAST","EDENVIEW DR","37.26919508","-121.8117575"
"690799","CR-0000096937","0","0","0","0","23-011-0131","True","False","600.0","1/11/2023 6:00:00 AM","No Pedestrians Involved","Wet","No Unusual Conditions","Dusk - Dawn","Violation Driver 1","No Controls Present/Factor","Cloudy","Hit Object","Non-Related","Fixed Object","Not Applicable","Not Applicable","North Of","TREE","True","True","34748","CASTLE MANOR DR","REGENCY DR","37.2989723","-121.9996396"
"696171","CR-0000099314","1","0","0","0","23-132-0825","False","False","0.0","5/12/2023 9:10:00 PM","Crossing - Not In Crosswalk","Dry","No Unusual Conditions","Dark - Street Light","Bike At Fault","No Controls Present/Factor","Clear","Vehicle/Pedestrian","Intersection","Pedestrian","East","West","At","PED","False","True","39379","CIMINO AV","LITTLE ORCHARD ST","37.30345656","-121.8699695"
"699031","CR-0000100337","1","0","0","0","23-301-0724","False","False","170.0","10/28/2023 7:34:00 PM","Crossing - Not In Crosswalk","Dry","No Unusual Conditions","Dark - Street Light","Pedestrian At Fault","No Controls Present/Factor","Clear","Vehicle/Pedestrian","Non-Related","Pedestrian","West","East","South Of","","False","True","39379","CIMINO AV","LITTLE ORCHARD ST","37.30345656","-121.8699695"
"699149","CR-0000100466","0","0","0","0","23-170-0735","False","False","0.0","6/19/2023 6:19:00 PM","No Pedestrians Involved","Dry","No Unusual Conditions","Daylight","Violation Driver 1","No Controls Present/Factor","Clear","Broadside","Intersection","Other Vehicle","Not Applicable","Not Applicable","At","","False","True","39379","CIMINO AV","LITTLE ORCHARD ST","37.30345656","-121.8699695"
"694496","CR-0000098490","1","1","0","0","23-176-0579","False","False","0.0","6/25/2023 4:11:00 PM","No Pedestrians Involved","Dry","No Unusual Conditions","Daylight","Violation Driver 1","Unknown","Clear","Head On","Intersection","Other Vehicle","Not Applicable","Not Applicable","At","","False","True","5500","ALMADEN RD","STONE CT","37.30626565","-121.8786004"
"711784","CR-0000101358","0","0","0","0","23-331-0300","False","False","213.0","11/27/2023 9:57:00 AM","No Pedestrians Involved","Dry","No Unusual Conditions","Daylight","Violation Driver 1","Controls Functioning","Clear","Rear End","Non-Related","Other Vehicle","Not Applicable","Not Applicable","North Of","","True","True","43966","COTTAGE GROVE AV","MONTEREY RD","37.31452114","-121.8720409"
"690773","CR-0000096911","0","0","0","0","23-017-0219","False","False","0.0","1/17/2023 8:25:00 AM","No Pedestrians Involved","Dry","No Unusual Conditions","Daylight","Violation Driver 1","Controls Functioning","Clear","Sideswipe","Intersection","Other Vehicle","Not Applicable","Not Applicable","At","","False","True","100847","PIEDMONT RD","WHITMAN WY","37.39499751","-121.8446296"
"690637","CR-0000096759","0","0","0","0","23-031-0926","False","False","62.0","1/31/2023 10:44:00 PM","No Pedestrians Involved","Dry","No Unusual Conditions","Dark - Street Light","Violation Driver 1","No Controls Present/Factor","Clear","Broadside","Non-Related","Parked Vehicle","Not Applicable","Not Applicable","West Of","","False","True","21306","BOLD DR","SNOW DR","37.27622391","-121.8060794"
"694714","CR-0000098764","0","0","0","0","23-239-0884","False","False","339.0","8/27/2023 10:00:00 PM","No Pedestrians Involved","Dry","No Unusual Conditions","Dark - Street Light","Violation Driver 1","Controls Functioning","Clear","Sideswipe","Non-Related","Parked Vehicle","Not Applicable","Not Applicable","South Of","","False","True","21306","BOLD DR","SNOW DR","37.27622391","-121.8060794"
"712133","CR-0000101406","0","0","0","0","23-340-0397","False","False","246.0","12/6/2023 12:09:00 PM","No Pedestrians Involved","Dry","No Unusual Conditions","Daylight","Violation Driver 1","No Controls Present/Factor","Clear","Sideswipe","Non-Related","Parked Vehicle","Not Applicable","Not Applicable","South Of","","False","True","111540","TAYLOR ST","TENTH ST","37.35361748","-121.8906612"
"694460","CR-0000098425","1","0","0","0","23-162-0853","False","False","166.0","6/11/2023 10:15:00 PM","No Pedestrians Involved","Dry","No Unusual Conditions","Dark - Street Light","Violation Driver 1","No Controls Present/Factor","Clear","Head On","Non-Related","Other Vehicle","Not Applicable","Not Applicable","West Of","","True","True","72423","HESTER AV","PARK AV","37.32988578","-121.9191462"
"697579","CR-0000099790","0","1","0","0","23-250-0964","False","False","0.0","9/7/2023 10:15:00 PM","No Pedestrians Involved","Dry","No Unusual Conditions","Dark - Street Light","Violation Driver 1","Controls Functioning","Clear","Broadside","Intersection","Other Vehicle","Not Applicable","Not Applicable","At","","False","True","77615","JULIAN ST","NINETEENTH ST","37.34911463","-121.8757767"
"696441","CR-0000099618","0","0","0","0","23-112-0024","False","False","83.0","4/22/2023 12:20:00 AM","No Pedestrians Involved","Dry","No Unusual Conditions","Dark - Street Light","Violation Driver 1","Controls Functioning","Clear","Sideswipe","Non-Related","Parked Vehicle","Not Applicable","Not Applicable","East Of","","True","True","77681","JULIAN ST","SEVENTEENTH ST","37.34822975","-121.8776438"
"692501","CR-0000097789","0","0","0","0","23-070-0221","True","False","0.0","3/11/2023 12:01:00 AM","No Pedestrians Involved","Wet","No Unusual Conditions","Dark - Street Light","Violation Driver 1","Unknown","Rain","Hit Object","Intersection","Fixed Object","Not Applicable","Not Applicable","At","","False","True","77681","JULIAN ST","SEVENTEENTH ST","37.34822975","-121.8776438"
"690753","CR-0000096890","0","0","0","0","23-015-0495","False","False","0.0","1/15/2023 4:00:00 PM","No Pedestrians Involved","Wet","No Unusual Conditions","Dusk - Dawn","Violation Driver 1","Controls Functioning","Rain","Hit Object","Intersection","Fixed Object","Not Applicable","Not Applicable","West Of","","True","True","59630","FIFTEENTH ST","JULIAN ST","37.34734479","-121.8795102"
"698731","CR-0000099981","1","0","0","0","23-260-0247","False","False","0.0","9/17/2023 7:20:00 AM","No Pedestrians Involved","Dry","No Unusual Conditions","Daylight","Violation Driver 1","Controls Functioning","Clear","Broadside","Intersection","Other Vehicle","Not Applicable","Not Applicable","At","","False","True","106006","SAN ANTONIO ST","TWENTY FOURTH ST","37.34404164","-121.8648462"
"696444","CR-0000099621","0","0","0","0","23-111-0091","False","False","220.0","4/21/2023 3:16:00 AM","No Pedestrians Involved","Dry","No Unusual Conditions","Dark - Street Light","Violation Driver 1","No Controls Present/Factor","Clear","Head On","Non-Related","Parked Vehicle","Not Applicable","Not Applicable","South Of","","True","True","106006","SAN ANTONIO ST","TWENTY FOURTH ST","37.34404164","-121.8648462"
"694506","CR-0000098500","1","0","0","0","23-176-0125","True","False","0.0","6/25/2023 2:15:00 AM","No Pedestrians Involved","Dry","No Unusual Conditions","Dark - Street Light","Violation Driver 1","Controls Functioning","Clear","Hit Object","Intersection","Fixed Object","Not Applicable","Not Applicable","West Of","SIGNAL POLE","False","True","71631","HEDDING ST","TENTH ST","37.35790327","-121.8938616"
"690701","CR-0000096837","0","0","0","0","23-020-9805","False","False","51.0","1/2/2023 2:35:00 PM","No Pedestrians Involved","Wet","No Unusual Conditions","Daylight","Violation Driver 1","No Controls Present/Factor","Rain","Sideswipe","Non-Related","Other Vehicle","Not Applicable","Not Applicable","North Of","","False","True","27444","BURTON AV","FIRST ST/I-880 NB","37.3571378","-121.9061965"
"689738","CR-0000095750","0","0","0","0","23-079-0547","False","False","0.0","3/20/2023 2:40:00 PM","No Pedestrians Involved","Dry","No Unusual Conditions","Daylight","Violation Driver 1","Controls Functioning","Clear","Hit Object","Intersection","Fixed Object","Not Applicable","Not Applicable","At","","True","True","89594","MCKEE RD","THIRTY THIRD ST","37.35599341","-121.8637975"
"698888","CR-0000100186","1","0","0","0","23-307-0733","False","False","0.0","11/3/2023 5:55:00 PM","No Pedestrians Involved","Dry","No Unusual Conditions","Daylight","Violation Driver 1","No Controls Present/Factor","Clear","Head On","Intersection","Other Vehicle","Not Applicable","Not Applicable","At","","False","True","37784","CHERRY AV","MINNESOTA AV","37.30116483","-121.9040007"
"696177","CR-0000099320","0","1","0","0","23-140-0744","False","False","0.0","5/20/2023 7:35:00 PM","Crossing In Crosswalk - At Intersection","Dry","No Unusual Conditions","Daylight","Violation Driver 1","Controls Functioning","Clear","Vehicle/Pedestrian","Intersection","Pedestrian","North","South","At","PED","False","True","85876","LUCRETIA AV","STORY RD","37.33016919","-121.8574591"
"690858","CR-0000096999","0","0","0","0","23-021-0344","False","False","0.0","1/21/2023 12:16:00 PM","No Pedestrians Involved","Dry","No Unusual Conditions","Daylight","Violation Driver 1","Controls Functioning","Clear","Sideswipe","Intersection","Other Vehicle","Not Applicable","Not Applicable","At","","False","True","85854","LUCRETIA AV","OWSLEY AV","37.32910404","-121.8564182"
"711836","CR-0000101070","0","0","0","0","23-293-0590","False","False","500.0","10/20/2023 4:17:00 PM","No Pedestrians Involved","Dry","No Unusual Conditions","Daylight","Violation Driver 1","No Controls Present/Factor","Clear","Head On","Non-Related","Other Vehicle","Not Applicable","Not Applicable","West Of","","True","True","40347","CLEMENCE AV","WALNUT WOODS DR","37.32887941","-121.8530494"
"690668","CR-0000096801","0","0","0","0","23-018-0939","True","False","0.0","1/18/2023 10:30:00 PM","No Pedestrians Involved","Dry","No Unusual Conditions","Dark - Street Light","Violation Driver 1","No Controls Present/Factor","Clear","Broadside","Intersection","Parked Vehicle","Not Applicable","Not Applicable","At","","False","True","40314","CLEMENCE AV","OWSLEY AV","37.33039267","-121.8544125"
"699020","CR-0000100325","0","1","0","0","23-293-0727","False","False","190.0","10/20/2023 6:20:00 PM","No Pedestrians Involved","Dry","No Unusual Conditions","Daylight","Violation Driver 1","No Controls Present/Factor","Clear","Rear End","Non-Related","Other Vehicle","Not Applicable","Not Applicable","North Of","","False","True","89825","MCLAUGHLIN AV","OWSLEY AV/PIPE DREAM CT","37.33144974","-121.8523999"
"699039","CR-0000100345","1","0","0","0","23-190-0850","False","False","0.0","7/9/2023 10:50:00 PM","No Pedestrians Involved","Dry","No Unusual Conditions","Dark - Street Light","Violation Driver 1","No Controls Present/Factor","Clear","Broadside","Intersection","Other Vehicle","Not Applicable","Not Applicable","At","","False","True","55912","ELEVENTH ST","VESTAL ST","37.35732922","-121.8920083"
"696114","CR-0000099255","0","0","0","0","23-230-0734","False","False","0.0","8/18/2023 6:30:00 PM","No Pedestrians Involved","Dry","No Unusual Conditions","Daylight","Violation Driver 1","No Controls Present/Factor","Clear","Broadside","Intersection","Other Vehicle","Not Applicable","Not Applicable","At","","False","True","112518","TWELFTH ST","VESTAL ST","37.35777479","-121.8910765"
"690645","CR-0000096767","0","0","0","0","23-007-0852","False","False","78.0","1/7/2023 11:31:00 PM","No Pedestrians Involved","Wet","No Unusual Conditions","Dark - Street Light","Violation Driver 1","Controls Functioning","Rain","Rear End","Non-Related","Other Vehicle","Not Applicable","Not Applicable","East Of","","True","True","63030","FOURTH ST","TAYLOR ST","37.35059121","-121.897038"
"699444","CR-0000100786","0","0","0","0","23-204-0536","False","False","0.0","7/23/2023 2:20:00 PM","No Pedestrians Involved","Dry","No Unusual Conditions","Daylight","Violation Driver 1","No Controls Present/Factor","Clear","Broadside","Intersection","Parked Vehicle","Not Applicable","Not Applicable","At","","True","True","52018","DOTTIELYN AV","SKALL DR","37.28461945","-121.8262498"
"690566","CR-0000096687","0","0","0","0","23-022-0800","False","False","51.0","1/22/2023 9:50:00 PM","No Pedestrians Involved","Dry","No Unusual Conditions","Dark - Street Light","Violation Driver 1","Controls Functioning","Clear","Rear End","Non-Related","Motor Vehicle On Other Roadway","Not Applicable","Not Applicable","North Of","","True","True","89957","MCLAUGHLIN AV","STORY RD","37.33273611","-121.8536385"
"694246","CR-0000098075","0","0","0","0","23-077-0308","False","False","0.0","3/18/2023 11:56:00 AM","No Pedestrians Involved","Dry","No Unusual Conditions","Daylight","Violation Driver 1","Unknown","Clear","Rear End","Intersection","Other Vehicle","Not Applicable","Not Applicable","At","","False","True","89957","MCLAUGHLIN AV","STORY RD","37.33273611","-121.8536385"
"712120","CR-0000100996","0","0","0","0","23-265-0107","False","False","0.0","9/22/2023 3:09:00 AM","No Pedestrians Involved","Dry","No Unusual Conditions","Dark - Street Light","Violation Driver 1","Controls Functioning","Clear","Broadside","Intersection","Other Vehicle","Not Applicable","Not Applicable","At","","False","True","89957","MCLAUGHLIN AV","STORY RD","37.33273611","-121.8536385"
"699060","CR-0000100366","1","0","0","0","23-340-0143","False","False","25.0","12/6/2023 6:30:00 AM","No Pedestrians Involved","Dry","No Unusual Conditions","Dusk - Dawn","Violation Driver 1","Controls Functioning","Clear","Rear End","Related","Other Vehicle","Not Applicable","Not Applicable","West Of","","True","True","89770","MCLAUGHLIN AV","MELBOURNE BL","37.33813302","-121.8590131"
"698869","CR-0000100154","1","0","0","0","23-120-0728","False","False","50.0","4/30/2023 7:42:00 PM","No Pedestrians Involved","Dry","No Unusual Conditions","Daylight","Violation Driver 1","Controls Functioning","Clear","Rear End","Related","Other Vehicle","Not Applicable","Not Applicable","North Of","","True","True","89770","MCLAUGHLIN AV","MELBOURNE BL","37.33813302","-121.8590131"