"CrashFactId","Name","MinorInjuries","ModerateInjuries","SevereInjuries","FatalInjuries","TcrNumber","CityDamageFlag","ShortFormFlag","Distance","CrashDateTime","PedestrianAction","RoadwaySurface","RoadwayCondition","Lighting","PrimaryCollisionFactor","TrafficControl","Weather","CollisionType","ProximityToIntersection","VehicleInvolvedWith","PedestrianDirectionFrom","PedestrianDirectionTo","DirectionFromIntersection","Comment","SpeedingFlag","HitAndRunFlag","IntersectionNumber","AStreetName","BStreetName","Latitude","Longitude"
"696120","CR-0000099262","0","0","0","0","23-233-0134","False","False","73.0","8/21/2023 4:43:00 AM","No Pedestrians Involved","Dry","No Unusual Conditions","Dark - Street Light","Violation Driver 1","No Controls Present/Factor","Clear","Sideswipe","Non-Related","Other Vehicle","Not Applicable","Not Applicable","East Of","","False","True","39401","CINDERELLA LN","DIADEM DR","37.3483314","-121.8350834"
"696222","CR-0000099367","0","0","0","0","23-116-0015","False","False","227.0","4/26/2023 12:10:00 AM","No Pedestrians Involved","Dry","No Unusual Conditions","Dark - Street Light","Violation Driver 1","Controls Functioning","Clear","Sideswipe","Non-Related","Parked Vehicle","Not Applicable","Not Applicable","South Of","","True","True","39423","CINDERELLA LN","JACKSON AV","37.34882681","-121.8343691"
"711855","CR-0000101534","0","0","0","0","23-336-0314","False","False","0.0","12/2/2023 10:51:00 AM","No Pedestrians Involved","Dry","No Unusual Conditions","Daylight","Violation Driver 1","Controls Functioning","Clear","Hit Object","Intersection","Fixed Object","Not Applicable","Not Applicable","At","CURB/WALL","True","True","93796","MT BLANC WY","MT RAINIER DR","37.34907877","-121.8078509"
"696020","CR-0000099155","0","0","0","0","23-200-0129","False","False","90.0","7/19/2023 6:18:00 AM","No Pedestrians Involved","Dry","No Unusual Conditions","Daylight","Violation Driver 1","No Controls Present/Factor","Clear","Broadside","Non-Related","Parked Vehicle","Not Applicable","Not Applicable","North Of","","True","True","95875","NINETEENTH ST","WASHINGTON ST","37.35123489","-121.8773576"
"711718","CR-0000100984","0","0","0","0","23-246-0581","False","False","93.0","9/3/2023 5:10:00 PM","No Pedestrians Involved","Dry","No Unusual Conditions","Daylight","Violation Driver 1","Controls Functioning","Clear","Rear End","Non-Related","Other Vehicle","Not Applicable","Not Applicable","West Of","","True","True","62875","FOURTH ST","HEDDING ST","37.35487536","-121.9002284"
"690766","CR-0000096904","1","0","0","0","23-024-0539","False","False","0.0","1/24/2023 2:20:00 PM","No Pedestrians Involved","Dry","No Unusual Conditions","Daylight","Violation Driver 1","Controls Functioning","Clear","Rear End","Intersection","Other Vehicle","Not Applicable","Not Applicable","At","","True","True","32339","CAPITOL AV","GAY AV","37.36679483","-121.8397737"
"690821","CR-0000096960","0","0","0","0","23-020-0928","False","False","120.0","1/20/2023 6:10:00 PM","No Pedestrians Involved","Dry","No Unusual Conditions","Dark - Street Light","Violation Driver 1","No Controls Present/Factor","Clear","Rear End","Non-Related","Parked Vehicle","Not Applicable","Not Applicable","West Of","","True","True","51358","DOBERN AV","SONI CT","37.35306291","-121.8360756"
"690621","CR-0000096742","0","0","0","0","23-020-0372","False","False","51.0","1/19/2023 2:10:00 PM","No Pedestrians Involved","Dry","No Unusual Conditions","Daylight","Violation Driver 1","No Controls Present/Factor","Clear","Sideswipe","Non-Related","Parked Vehicle","Not Applicable","Not Applicable","West Of","","True","True","100550","PHELAN AV","TENTH ST","37.31569664","-121.8624212"
"698901","CR-0000100201","1","0","0","0","23-318-0495","False","False","554.0","11/14/2023 2:25:00 PM","No Pedestrians Involved","Dry","No Unusual Conditions","Daylight","Violation Driver 1","No Controls Present/Factor","Clear","Rear End","Non-Related","Other Vehicle","Not Applicable","Not Applicable","North Of","","True","True","100550","PHELAN AV","TENTH ST","37.31569664","-121.8624212"
"699467","CR-0000100790","0","0","0","0","23-203-0420","False","False","22.0","7/22/2023 1:30:00 PM","No Pedestrians Involved","Dry","No Unusual Conditions","Daylight","Violation Driver 1","No Controls Present/Factor","Clear","Head On","Related","Other Vehicle","Not Applicable","Not Applicable","North Of","","False","True","78870","KENTRIDGE DR","WHITE RD","37.37642552","-121.8366413"
"696414","CR-0000099591","1","0","0","0","23-284-0580","False","False","0.0","10/11/2023 4:50:00 PM","No Pedestrians Involved","Dry","No Unusual Conditions","Daylight","Violation Driver 1","No Controls Present/Factor","Clear","Vehicle/Bike","Intersection","Bike","Not Applicable","Not Applicable","At","BIKE","False","True","108118","SENTER RD","SEVEN TREES BL","37.27810859","-121.8321994"
"690803","CR-0000096941","1","0","0","0","23-011-0418","False","False","0.0","1/11/2023 1:15:00 PM","No Pedestrians Involved","Wet","No Unusual Conditions","Daylight","Bike At Fault","Controls Functioning","Rain","Vehicle/Bike","Intersection","Scooter Motorized","Not Applicable","Not Applicable","At","E.SCOOTER","False","True","106369","SAN FERNANDO ST","TENTH ST","37.33887769","-121.879692"
"696027","CR-0000099162","0","0","0","0","23-203-1000","False","False","45.0","7/22/2023 11:49:00 PM","No Pedestrians Involved","Dry","No Unusual Conditions","Dark - Street Light","Violation Driver 1","Controls Not Functioning","Clear","Rear End","Related","Other Vehicle","Not Applicable","Not Applicable","North Of","","True","True","15267","BAYWOOD AV","STEVENS CREEK BL","37.32336428","-121.9458106"
"691317","CR-0000097564","1","0","0","0","23-008-0254","False","False","0.0","1/8/2023 10:05:00 AM","No Pedestrians Involved","Dry","No Unusual Conditions","Daylight","Violation Driver 1","Controls Functioning","Clear","Broadside","Intersection","Other Vehicle","Not Applicable","Not Applicable","At","","False","True","103410","REED ST","SECOND ST","37.32759058","-121.8827469"
"690554","CR-0000096671","2","0","0","0","23-007-0618","False","False","0.0","1/7/2023 6:34:00 PM","No Pedestrians Involved","Wet","No Unusual Conditions","Dark - Street Light","Violation Driver 1","Controls Functioning","Rain","Broadside","Intersection","Other Vehicle","Not Applicable","Not Applicable","At","","False","True","103410","REED ST","SECOND ST","37.32759058","-121.8827469"
"690591","CR-0000096712","0","1","0","0","23-027-0170","False","False","0.0","1/27/2023 7:39:00 AM","No Pedestrians Involved","Dry","No Unusual Conditions","Daylight","Violation Driver 1","No Controls Present/Factor","Clear","Head On","Intersection","Other Vehicle","Not Applicable","Not Applicable","At","","False","True","60334","FIRST ST","MARGARET ST/SERRA FW","37.3255989","-121.8826884"
"694678","CR-0000098712","1","0","0","0","23-237-0696","False","False","0.0","8/25/2023 4:11:00 PM","Crossing In Crosswalk - At Intersection","Dry","No Unusual Conditions","Daylight","Violation Driver 1","Controls Functioning","Clear","Vehicle/Pedestrian","Intersection","Pedestrian","South","North","At","PED","False","True","79122","KEYES ST","TENTH ST","37.32422394","-121.868771"
"694554","CR-0000098548","0","0","0","0","23-198-0967","False","False","135.0","7/17/2023 11:50:00 PM","No Pedestrians Involved","Dry","No Unusual Conditions","Dark - Street Light","Violation Driver 1","No Controls Present/Factor","Clear","Rear End","Non-Related","Parked Vehicle","Not Applicable","Not Applicable","East Of","","True","True","46947","CURIE DR","DUNN AV","37.2306358","-121.8220053"
"691128","CR-0000097324","0","0","0","0","23-032-0827","False","False","446.0","2/1/2023 10:00:00 PM","No Pedestrians Involved","Dry","No Unusual Conditions","Dark - Street Light Not Functioning","Violation Driver 1","No Controls Present/Factor","Clear","Head On","Non-Related","Parked Vehicle","Not Applicable","Not Applicable","South Of","","True","True","2925","ALBANY DR","GREENDALE WY","37.32132362","-121.9830785"
"698807","CR-0000100089","0","1","0","0","23-170-0562","False","False","0.0","6/19/2023 2:55:00 PM","No Pedestrians Involved","Dry","No Unusual Conditions","Daylight","Violation Driver 1","Controls Functioning","Clear","Sideswipe","Intersection","Other Vehicle","Not Applicable","Not Applicable","At","","True","True","73040","HILLSDALE AV","NARVAEZ AV","37.27987102","-121.8644698"
"711563","CR-0000100835","0","0","0","0","23-187-0784","False","False","86.0","7/6/2023 7:45:00 PM","No Pedestrians Involved","Dry","No Unusual Conditions","Daylight","Violation Driver 1","Unknown","Clear","Broadside","Non-Related","Parked Vehicle","Not Applicable","Not Applicable","North Of","","True","True","61654","FLORENCE AV","LYNDALE AV","37.36202862","-121.8279001"
"690713","CR-0000096850","0","0","0","0","23-024-0298","False","False","0.0","1/24/2023 10:23:00 AM","No Pedestrians Involved","Dry","No Unusual Conditions","Daylight","Violation Driver 1","Controls Functioning","Clear","Broadside","Intersection","Other Vehicle","Not Applicable","Not Applicable","At","","False","True","89979","MCLAUGHLIN AV","SUMMERSIDE DR","37.31831199","-121.8395789"
"695786","CR-0000098851","1","0","0","0","23-264-0258","False","False","72.0","9/21/2023 7:54:00 AM","No Pedestrians Involved","Dry","No Unusual Conditions","Daylight","Violation Driver 1","No Controls Present/Factor","Clear","Rear End","Non-Related","Other Vehicle","Not Applicable","Not Applicable","South Of","","False","True","89979","MCLAUGHLIN AV","SUMMERSIDE DR","37.31831199","-121.8395789"
"691018","CR-0000097190","0","0","0","0","23-035-0013","False","False","84.0","2/4/2023 12:09:00 AM","No Pedestrians Involved","Dry","No Unusual Conditions","Dark - Street Light","Violation Driver 1","No Controls Present/Factor","Clear","Sideswipe","Non-Related","Parked Vehicle","Not Applicable","Not Applicable","West Of","","False","True","50368","DENAIR AV","MIDPINE AV","37.31842463","-121.8362817"
"698740","CR-0000099992","0","1","0","0","23-258-0729","False","False","0.0","9/15/2023 7:27:00 PM","No Pedestrians Involved","Dry","No Unusual Conditions","Daylight","Violation Driver 1","No Controls Present/Factor","Clear","Vehicle/Bike","Intersection","Bike","Not Applicable","Not Applicable","At","BIKE","False","True","58937","FARRINGDON DR","WHITE RD","37.35430486","-121.8174731"
"695846","CR-0000098911","0","0","0","0","23-105-0722","False","False","193.0","4/15/2023 6:59:00 PM","No Pedestrians Involved","Dry","No Unusual Conditions","Daylight","Violation Driver 1","Controls Functioning","Clear","Broadside","Non-Related","Other Vehicle","Not Applicable","Not Applicable","West Of","","False","True","89473","MCGINNESS AV","STORY RD","37.35263908","-121.824361"
"690931","CR-0000097096","1","0","0","0","23-037-0825","False","False","","2/6/2023 8:31:00 PM","No Pedestrians Involved","Dry","No Unusual Conditions","Dark - Street Light","Violation Driver 1","Unknown","Clear","Sideswipe","Related","Other Vehicle","Not Applicable","Not Applicable","West Of","","False","True","89473","MCGINNESS AV","STORY RD","37.35263908","-121.824361"
"712013","CR-0000101562","0","0","0","0","23-357-0122","False","False","0.0","12/23/2023 2:49:00 AM","No Pedestrians Involved","Dry","No Unusual Conditions","Dark - Street Light","Violation Driver 1","Controls Functioning","Clear","Broadside","Intersection","Other Vehicle","Not Applicable","Not Applicable","At","","False","True","89473","MCGINNESS AV","STORY RD","37.35263908","-121.824361"
"699390","CR-0000100718","0","0","0","0","23-184-0826","False","False","0.0","7/3/2023 7:26:00 PM","No Pedestrians Involved","Dry","No Unusual Conditions","Daylight","Violation Driver 1","No Controls Present/Factor","Clear","Sideswipe","Intersection","Other Vehicle","Not Applicable","Not Applicable","At","","False","True","80651","KOLLMAR DR","STORY RD","37.35197233","-121.8253432"
"691392","CR-0000097641","0","0","0","0","23-063-0089","True","False","0.0","3/4/2023 1:54:00 AM","No Pedestrians Involved","Dry","No Unusual Conditions","Dark - Street Light","Violation Driver 1","Controls Functioning","Clear","Hit Object","Intersection","Fixed Object","Not Applicable","Not Applicable","At","Light pole","False","True","33065","CAPITOL FRONT RD","STORY RD","37.3514488","-121.8261204"
"696175","CR-0000099318","1","0","0","0","23-145-0297","False","False","0.0","5/25/2023 10:18:00 AM","No Pedestrians Involved","Dry","No Unusual Conditions","Daylight","Violation Driver 1","No Controls Present/Factor","Clear","Sideswipe","Intersection","Other Vehicle","Not Applicable","Not Applicable","At","","False","True","33065","CAPITOL FRONT RD","STORY RD","37.3514488","-121.8261204"
"715830","CR-0000101868","0","0","0","0","23-144-9708","False","True","0.0","5/23/2023 7:30:00 AM","No Pedestrians Involved","Dry","No Unusual Conditions","Daylight","Unknown","Controls Functioning","Cloudy","Sideswipe","Intersection","Other Vehicle","Not Applicable","Not Applicable","At","","False","True","42668","BLOSSOM HILL RD/DW","COTTLE RD","37.25377914","-121.8031774"
"694154","CR-0000097973","2","0","0","0","23-063-0235","False","False","30.0","3/4/2023 9:05:00 AM","No Pedestrians Involved","Dry","No Unusual Conditions","Daylight","Violation Driver 1","Controls Functioning","Clear","Rear End","Related","Other Vehicle","Not Applicable","Not Applicable","East Of","","True","True","104972","ROSSWOOD DR","UNION AV","37.24631794","-121.9312665"
"699104","CR-0000100420","0","0","0","0","23-174-0895","False","False","44.0","6/23/2023 8:34:00 PM","No Pedestrians Involved","Dry","No Unusual Conditions","Daylight","Violation Driver 1","No Controls Present/Factor","Clear","Sideswipe","Related","Other Vehicle","Not Applicable","Not Applicable","West Of","","True","True","9767","ASHGLEN WY","BRUSHGLEN WY","37.36974043","-121.8524074"
"699153","CR-0000100470","0","0","0","0","23-152-0611","False","False","60.0","6/1/2023 3:40:00 PM","No Pedestrians Involved","Dry","No Unusual Conditions","Daylight","Unknown","Controls Functioning","Clear","Rear End","Non-Related","Motorcycle","Not Applicable","Not Applicable","East Of","","False","True","47640","CURTNER AV","UNION AV","37.27255134","-121.932917"
"690729","CR-0000096866","1","1","0","0","23-039-0359","False","False","398.0","2/8/2023 11:54:00 AM","No Pedestrians Involved","Dry","No Unusual Conditions","Daylight","Violation Driver 1","No Controls Present/Factor","Clear","Sideswipe","Non-Related","Other Vehicle","Not Applicable","Not Applicable","North Of","","True","True","65449","GENEVIEVE LN","NEAL AV","37.31210017","-121.9425241"
"699061","CR-0000100367","4","0","0","0","23-358-0528","False","False","228.0","12/24/2023 5:37:00 PM","No Pedestrians Involved","Dry","No Unusual Conditions","Dark - Street Light","Violation Driver 1","No Controls Present/Factor","Clear","Rear End","Non-Related","Other Vehicle","Not Applicable","Not Applicable","South Of","","True","True","19084","BLACKFORD AV","SARATOGA AV","37.31431697","-121.9767949"
"712232","CR-0000101675","0","0","0","0","23-328-0184","False","False","0.0","11/24/2023 8:25:00 AM","No Pedestrians Involved","Dry","No Unusual Conditions","Daylight","Violation Driver 1","Controls Functioning","Clear","Head On","Intersection","Other Vehicle","Not Applicable","Not Applicable","At","","False","True","19084","BLACKFORD AV","SARATOGA AV","37.31431697","-121.9767949"
"690902","CR-0000097057","1","0","0","0","23-045-0222","False","False","0.0","2/14/2023 9:15:00 AM","No Pedestrians Involved","Dry","No Unusual Conditions","Daylight","Violation Driver 1","No Controls Present/Factor","Clear","Rear End","Intersection","Other Vehicle","Not Applicable","Not Applicable","At","","True","True","89320","MCCREERY AV","POCO WY","37.34236264","-121.8409101"
"694648","CR-0000098681","1","0","0","0","23-211-0535","False","False","0.0","7/30/2023 2:54:00 PM","No Pedestrians Involved","Dry","No Unusual Conditions","Daylight","Violation Driver 1","No Controls Present/Factor","Clear","Broadside","Intersection","Other Vehicle","Not Applicable","Not Applicable","At","","True","True","35199","CATHAY DR","MANDARIN WY","37.3419575","-121.8370417"
"698892","CR-0000100190","1","0","0","0","23-308-0874","False","False","25.0","11/4/2023 10:49:00 PM","No Pedestrians Involved","Dry","No Unusual Conditions","Dark - Street Light","Violation Driver 1","Controls Functioning","Clear","Broadside","Related","Other Vehicle","Not Applicable","Not Applicable","East Of","","False","True","2001","ADRIAN WY","STORY RD","37.34602863","-121.834061"
"699459","CR-0000100783","0","0","0","0","23-195-0037","False","False","153.0","7/14/2023 12:40:00 AM","No Pedestrians Involved","Dry","No Unusual Conditions","Dark - Street Light","Violation Driver 1","No Controls Present/Factor","Clear","Sideswipe","Non-Related","Parked Vehicle","Not Applicable","Not Applicable","East Of","","False","True","2001","ADRIAN WY","STORY RD","37.34602863","-121.834061"
"695852","CR-0000098917","0","0","0","0","23-106-0622","False","False","0.0","4/16/2023 6:00:00 PM","No Pedestrians Involved","Dry","No Unusual Conditions","Daylight","Violation Driver 1","Controls Functioning","Clear","Sideswipe","Intersection","Other Vehicle","Not Applicable","Not Applicable","At","","False","True","112430","TULLY RD","WHITE RD","37.33554673","-121.8006177"
"698897","CR-0000100196","0","2","0","0","23-327-0505","False","False","258.0","11/23/2023 6:15:00 PM","No Pedestrians Involved","Dry","No Unusual Conditions","Dark - Street Light","Violation Driver 1","No Controls Present/Factor","Clear","Other","Non-Related","Other Vehicle","Not Applicable","Not Applicable","North Of","","False","True","59058","FELDSPAR DR","SENTER RD","37.30360263","-121.8434614"
"690588","CR-0000096709","0","1","0","0","23-015-0704","False","False","61.0","1/15/2023 9:37:00 PM","In Road - Includes Shoulder","Wet","No Unusual Conditions","Dark - Street Light","Violation Driver 1","No Controls Present/Factor","Rain","Vehicle/Pedestrian","Non-Related","Pedestrian","No Direction (Not Walking)","No Direction (Not Walking)","South Of","PED","True","True","10230","AUSTIN CT","SANBORN AV","37.31400167","-121.8744755"
"711747","CR-0000101543","0","0","0","0","23-340-0901","False","False","","12/6/2023 10:32:00 PM","No Pedestrians Involved","Wet","No Unusual Conditions","Dark - Street Light","Violation Driver 1","No Controls Present/Factor","Cloudy","Sideswipe","Related","Other Vehicle","Not Applicable","Not Applicable","South Of","","False","True","32999","CAPITOL EX","STORY RD","37.35083339","-121.8270065"
"695972","CR-0000099107","0","0","0","0","23-214-0794","False","False","325.0","8/2/2023 7:07:00 PM","No Pedestrians Involved","Dry","No Unusual Conditions","Daylight","Violation Driver 1","Controls Functioning","Clear","Sideswipe","Non-Related","Other Vehicle","Not Applicable","Not Applicable","East Of","","True","True","32999","CAPITOL EX","STORY RD","37.35083339","-121.8270065"
"696131","CR-0000099273","0","0","0","0","23-215-0027","False","False","38.0","8/3/2023 12:30:00 AM","No Pedestrians Involved","Dry","No Unusual Conditions","Dark - Street Light","Violation Driver 1","No Controls Present/Factor","Clear","Rear End","Related","Other Vehicle","Not Applicable","Not Applicable","West Of","","True","True","32999","CAPITOL EX","STORY RD","37.35083339","-121.8270065"
"696298","CR-0000099454","1","0","0","0","23-125-1024","False","False","","5/5/2023 8:42:00 PM","No Pedestrians Involved","Wet","No Unusual Conditions","Dark - Street Light","Violation Driver 1","Controls Functioning","Rain","Rear End","Related","Other Vehicle","Not Applicable","Not Applicable","North Of","","True","True","32999","CAPITOL EX","STORY RD","37.35083339","-121.8270065"
"699116","CR-0000100432","0","0","0","0","23-160-0198","False","False","270.0","6/7/2023 9:19:00 PM","No Pedestrians Involved","Dry","No Unusual Conditions","Dark - Street Light","Violation Driver 1","Unknown","Clear","Sideswipe","Non-Related","Parked Vehicle","Not Applicable","Not Applicable","North Of","","False","True","57122","ENESCO AV","OTHELLO AV","37.31737959","-121.8187279"
"696404","CR-0000099580","0","0","0","0","23-151-0836","True","False","72.0","5/31/2023 9:05:00 PM","No Pedestrians Involved","Dry","No Unusual Conditions","Dark - Street Light","Violation Driver 1","Controls Functioning","Clear","Hit Object","Non-Related","Fixed Object","Not Applicable","Not Applicable","West Of","","True","True","63568","FOXWORTHY AV","YUCCA AV","37.27018391","-121.9077833"
"690772","CR-0000096910","0","0","0","0","23-017-0723","False","False","40.0","1/17/2023 5:45:00 PM","No Pedestrians Involved","Dry","No Unusual Conditions","Dark - Street Light","Violation Driver 1","Controls Functioning","Clear","Rear End","Related","Other Vehicle","Not Applicable","Not Applicable","East Of","","False","True","64008","FRUITDALE AV","SHERMAN OAKS DR","37.31069107","-121.926617"
"699176","CR-0000100496","0","0","0","0","23-169-0097","False","False","0.0","6/18/2023 1:00:00 AM","No Pedestrians Involved","Dry","No Unusual Conditions","Dark - Street Light","Violation Driver 1","No Controls Present/Factor","Clear","Broadside","Intersection","Other Vehicle","Not Applicable","Not Applicable","At","","False","True","53437","EAGLES LN","TRADEWINDS DR","37.2537523","-121.8218726"
"716005","CR-0000101872","0","0","0","0","23-333-0037","False","False","0.0","11/29/2023 1:00:00 AM","No Pedestrians Involved","Dry","No Unusual Conditions","Dark - Street Light","Violation Driver 1","No Controls Present/Factor","Clear","Hit Object","Intersection","Fixed Object","Not Applicable","Not Applicable","At","CEMENT ISLAND","False","True","33010","CAPITOL EX","TOWERS LN","37.30567653","-121.8128193"
"711794","CR-0000101323","0","0","0","0","23-338-0777","False","False","394.0","12/4/2023 5:55:00 PM","No Pedestrians Involved","Dry","No Unusual Conditions","Dark - Street Light","Violation Driver 1","Controls Functioning","Clear","Broadside","Non-Related","Other Vehicle","Not Applicable","Not Applicable","South Of","","True","True","20250","BLOSSOM HILL RD","MERIDIAN AV","37.24317888","-121.8895245"
"694576","CR-0000098600","0","0","1","0","23-183-0185","False","False","0.0","7/2/2023 2:59:00 AM","In Road - Includes Shoulder","Dry","No Unusual Conditions","Dark - Street Light","Violation Driver 1","No Controls Present/Factor","Clear","Vehicle/Pedestrian","Intersection","Pedestrian","Not Applicable","Not Applicable","At","PED","True","True","60697","FIRST ST","UNION ST","37.32479113","-121.88209"
"699052","CR-0000100358","1","0","0","0","23-202-0507","False","False","0.0","7/21/2023 12:55:00 PM","No Pedestrians Involved","Dry","No Unusual Conditions","Daylight","Violation Driver 1","Controls Functioning","Clear","Broadside","Intersection","Other Vehicle","Not Applicable","Not Applicable","At","","False","True","60697","FIRST ST","UNION ST","37.32479113","-121.88209"
"694451","CR-0000098416","0","0","1","0","23-154-0736","False","False","","6/3/2023 8:42:00 PM","Crossing - Not In Crosswalk","Dry","No Unusual Conditions","Daylight","Violation Driver 1","Unknown","Clear","Vehicle/Pedestrian","Related","Pedestrian","North","South","East Of","PED","True","True","73820","HOPKINS DR","SULLIVAN AV","37.33893299","-121.8329744"
"699456","CR-0000100792","0","0","0","0","23-197-0805","False","False","0.0","7/16/2023 8:23:00 PM","No Pedestrians Involved","Dry","Unknown","Dusk - Dawn","Violation Driver 1","Controls Functioning","Clear","Broadside","Intersection","Other Vehicle","Not Applicable","Not Applicable","At","","True","True","38940","CHRISTOPHER ST","KING RD","37.33630167","-121.8396093"
"696124","CR-0000099266","0","0","0","0","23-235-0499","False","False","178.0","8/23/2023 2:07:00 PM","No Pedestrians Involved","Dry","No Unusual Conditions","Daylight","Violation Driver 1","No Controls Present/Factor","Clear","Broadside","Non-Related","Other Vehicle","Not Applicable","Not Applicable","South Of","","False","True","38940","CHRISTOPHER ST","KING RD","37.33630167","-121.8396093"
"715940","CR-0000101805","0","0","0","0","23-138-0818","False","False","0.0","5/18/2023 5:59:00 PM","No Pedestrians Involved","Dry","Unknown","Daylight","Violation Driver 1","Controls Functioning","Clear","Broadside","Intersection","Other Vehicle","Not Applicable","Not Applicable","At","","False","True","38940","CHRISTOPHER ST","KING RD","37.33630167","-121.8396093"
"696210","CR-0000099354","2","0","0","0","23-101-0513","False","False","0.0","4/11/2023 2:29:00 PM","No Pedestrians Involved","Dry","No Unusual Conditions","Daylight","Violation Driver 1","Controls Functioning","Clear","Broadside","Intersection","Other Vehicle","Not Applicable","Not Applicable","At","","False","True","108415","SEVENTH ST","WILLIAM ST","37.33160208","-121.8785384"
"691098","CR-0000097271","0","0","0","0","23-047-0971","False","False","0.0","2/16/2023 11:00:00 PM","No Pedestrians Involved","Dry","No Unusual Conditions","Dark - Street Light","Violation Driver 1","Controls Functioning","Clear","Broadside","Intersection","Other Vehicle","Not Applicable","Not Applicable","At","","True","True","87702","MARGARET ST","TENTH ST","37.33011937","-121.8731599"
"712151","CR-0000101536","0","0","0","0","23-344-0291","False","False","54.0","12/9/2023 8:00:00 PM","No Pedestrians Involved","Dry","No Unusual Conditions","Daylight","Unknown","No Controls Present/Factor","Clear","Sideswipe","Non-Related","Other Vehicle","Not Applicable","Not Applicable","South Of","","False","True","18358","BIKINI AV","SHOREVIEW CT","37.3219136","-121.8381218"
"711963","CR-0000101392","0","0","0","0","23-305-0057","True","False","39.0","11/1/2023 1:32:00 AM","No Pedestrians Involved","Dry","No Unusual Conditions","Dark - Street Light","Violation Driver 1","Controls Functioning","Clear","Rear End","Related","Other Vehicle","Not Applicable","Not Applicable","East Of","TRAFFIC POLE","True","True","62941","FOURTH ST","REED ST","37.32860036","-121.8806209"
"698795","CR-0000100076","0","1","0","0","23-346-0972","False","False","","12/11/2023 5:40:00 PM","No Pedestrians Involved","Unknown","Unknown","Unknown","Bike At Fault","Unknown","Unknown","Vehicle/Bike","Related","Bike","Not Applicable","Not Applicable","Unknown","BIKE","False","True","62941","FOURTH ST","REED ST","37.32860036","-121.8806209"
"691285","CR-0000097530","0","0","0","0","23-037-0643","False","False","305.0","2/7/2023 4:57:00 PM","No Pedestrians Involved","Dry","No Unusual Conditions","Daylight","Violation Driver 1","No Controls Present/Factor","Clear","Sideswipe","Non-Related","Parked Vehicle","Not Applicable","Not Applicable","South Of","","True","True","26212","BROOKWOOD DR","EIGHTEENTH ST","37.33941113","-121.8687032"
"695962","CR-0000099095","0","0","0","0","23-225-0951","False","False","52.0","8/13/2023 11:52:00 PM","No Pedestrians Involved","Dry","No Unusual Conditions","Dark - Street Light","Violation Driver 1","No Controls Present/Factor","Clear","Sideswipe","Non-Related","Parked Vehicle","Not Applicable","Not Applicable","South Of","","False","True","119481","CANDLER AV","LOCHNER DR","37.35323342","-121.8122029"
"690535","CR-0000096646","1","0","0","0","23-015-0597","False","False","301.0","1/15/2023 6:24:00 PM","No Pedestrians Involved","Wet","No Unusual Conditions","Dark - Street Light","Violation Driver 1","No Controls Present/Factor","Rain","Sideswipe","Non-Related","Other Vehicle","Not Applicable","Not Applicable","West Of","","True","True","59410","FERNISH DR","RUBION DR","37.34836448","-121.7964975"
"696119","CR-0000099261","0","0","0","0","23-213-0027","True","False","0.0","8/1/2023 12:41:00 AM","No Pedestrians Involved","Dry","No Unusual Conditions","Dark - Street Light","Violation Driver 1","No Controls Present/Factor","Clear","Hit Object","Intersection","Fixed Object","Not Applicable","Not Applicable","At","Chain Link Fence","False","True","200524","JULIAN ST","SAN PEDRO ST","37.3394590702819","-121.89612534522"
"696196","CR-0000099340","0","0","0","0","23-100-0994","False","False","0.0","4/10/2023 9:15:00 PM","No Pedestrians Involved","Dry","No Unusual Conditions","Dark - Street Light","Violation Driver 1","Controls Functioning","Clear","Other","Intersection","Other Vehicle","Not Applicable","Not Applicable","At","","False","True","200531","MCLAUGHLIN AV","MCLAUGHLIN CT","37.335185","-121.856138"